number,value,datetime_start,datetime_complete,duration,params_activation,params_batch_size,params_dropout,params_layers,params_loss,params_max_lr,params_pct_start,params_weight_decay,params_width,user_attrs_constraint_adjusted_dropout,state
177,0.950352615,21:15.3,22:47.3,0 days 00:01:31.961116,relu,64,0,6,huber,0.000587515,0.220664184,0.000483864,512,,COMPLETE
146,0.956771266,36:54.5,38:17.6,0 days 00:01:23.068837,relu,64,0,6,huber,0.000521245,0.204638451,0.000346652,512,,COMPLETE
101,0.959055918,37:16.5,38:40.3,0 days 00:01:23.713803,relu,64,0,6,huber,0.000552913,0.201605573,0.000175846,512,,COMPLETE
155,0.959821862,48:13.1,49:36.5,0 days 00:01:23.423830,relu,64,0,6,huber,0.000556474,0.200135224,0.000736713,1024,,COMPLETE
263,0.96047942,20:28.4,21:49.2,0 days 00:01:20.759456,relu,64,0,6,huber,0.000558249,0.233648465,0.000518787,512,,COMPLETE
147,0.960854149,38:17.7,39:42.1,0 days 00:01:24.410012,relu,64,0,6,huber,0.000513061,0.208830193,0.00042956,512,,COMPLETE
145,0.961079609,35:32.4,36:54.4,0 days 00:01:21.951534,relu,64,0,6,huber,0.000553978,0.20915626,0.000340513,512,,COMPLETE
354,0.961885542,28:55.5,30:12.2,0 days 00:01:16.699761,relu,64,0,6,huber,0.000571168,0.20279751,0.000989859,512,,COMPLETE
470,0.962618965,10:50.0,12:14.6,0 days 00:01:24.586780,gelu,64,0,6,huber,0.000528983,0.216859789,0.000611352,512,,COMPLETE
422,0.962715673,04:11.2,05:28.8,0 days 00:01:17.617889,relu,64,0,6,huber,0.000524251,0.391999759,0.000661846,512,,COMPLETE
183,0.962987065,28:52.1,30:29.3,0 days 00:01:37.246019,relu,64,0,6,huber,0.000559612,0.218703112,0.000793017,512,,COMPLETE
273,0.963722861,33:55.4,35:19.8,0 days 00:01:24.433833,relu,64,0,6,huber,0.0005149,0.209029896,0.00065679,512,,COMPLETE
246,0.963723361,56:09.3,57:29.6,0 days 00:01:20.298321,relu,64,0,6,huber,0.000514245,0.216799797,0.000704807,512,,COMPLETE
332,0.963957053,57:48.1,59:04.8,0 days 00:01:16.713067,relu,64,0,6,huber,0.000803244,0.229769784,0.00065638,512,,COMPLETE
243,0.964010531,52:03.3,53:24.7,0 days 00:01:21.373006,relu,64,0,6,huber,0.000535956,0.206167479,0.00082525,512,,COMPLETE
231,0.964595813,38:18.5,39:27.7,0 days 00:01:09.218440,relu,64,0,6,huber,0.000556883,0.207209463,0.000645874,512,,COMPLETE
97,0.964888537,27:00.9,28:21.0,0 days 00:01:20.154233,relu,64,0,6,huber,0.000627607,0.237315127,0.000350669,512,,COMPLETE
311,0.964964354,28:41.7,29:54.0,0 days 00:01:12.305537,relu,64,0,5,huber,0.000546673,0.211191382,0.000904019,512,,COMPLETE
191,0.965485209,43:38.2,45:01.1,0 days 00:01:22.860384,relu,64,0,6,huber,0.000551087,0.226321461,0.00043287,512,,COMPLETE
225,0.965490013,27:31.9,28:48.9,0 days 00:01:16.994868,relu,64,0,6,huber,0.000558582,0.211364577,0.000456017,512,,COMPLETE
297,0.966070074,08:19.5,09:36.8,0 days 00:01:17.315934,relu,64,0,6,huber,0.00054776,0.209030628,0.000739343,512,,COMPLETE
129,0.966303062,14:57.0,16:18.7,0 days 00:01:21.667991,relu,64,0,6,huber,0.000532603,0.21335341,0.000436114,512,,COMPLETE
132,0.966573024,18:56.0,20:01.6,0 days 00:01:05.611584,relu,64,0,6,huber,0.000510993,0.210840541,0.000467882,512,,COMPLETE
446,0.96693728,37:53.0,39:10.7,0 days 00:01:17.730216,relu,64,0,6,huber,0.000539204,0.207627568,0.000886022,512,,COMPLETE
131,0.967137772,17:33.2,18:55.9,0 days 00:01:22.682476,relu,64,0,6,huber,0.000510598,0.211023458,0.000472878,512,,COMPLETE
198,0.967183477,51:59.4,53:23.1,0 days 00:01:23.783098,relu,64,0,6,huber,0.00052275,0.205885166,0.000826472,512,,COMPLETE
358,0.967316335,33:47.8,35:03.5,0 days 00:01:15.696780,relu,64,0,6,huber,0.000559189,0.207145863,0.000783468,512,,COMPLETE
488,0.967396653,34:33.0,35:48.0,0 days 00:01:15.021882,relu,64,0,6,huber,0.000561615,0.213341108,0.000885204,512,,COMPLETE
114,0.96755318,53:40.3,55:01.2,0 days 00:01:20.818058,relu,64,0,6,huber,0.000555187,0.21732766,0.00014436,512,,COMPLETE
142,0.967583066,31:59.1,33:15.8,0 days 00:01:16.674897,relu,64,0,6,huber,0.000546434,0.214955561,0.000330907,512,,COMPLETE
396,0.96761353,25:06.3,26:30.1,0 days 00:01:23.831125,relu,64,0,6,huber,0.000517788,0.210132248,0.000755101,512,,COMPLETE
213,0.967659903,12:41.0,14:12.0,0 days 00:01:31.004612,relu,64,0,6,huber,0.000526301,0.223630489,0.000704283,512,,COMPLETE
209,0.967717224,07:30.7,08:59.8,0 days 00:01:29.144818,relu,64,0,6,mae,0.000525627,0.227019654,0.000737388,512,,COMPLETE
153,0.967741543,45:48.6,47:04.7,0 days 00:01:16.071408,relu,64,0,6,huber,0.000516449,0.204108442,0.000565119,512,,COMPLETE
154,0.968425941,47:04.8,48:13.0,0 days 00:01:08.107907,relu,64,0,6,huber,0.000518069,0.202954825,0.000589711,512,,COMPLETE
493,0.968489581,40:27.6,41:30.5,0 days 00:01:02.882803,relu,64,0,4,huber,0.000554673,0.203320826,0.000458135,512,,COMPLETE
211,0.968553114,10:16.7,11:29.6,0 days 00:01:12.890590,relu,64,0,6,mae,0.00055951,0.221770579,0.000787581,512,,COMPLETE
158,0.968759876,56:52.0,58:14.8,0 days 00:01:22.734038,relu,64,0,6,huber,0.000536278,0.206327501,0.000743045,512,,COMPLETE
204,0.968854123,59:47.7,00:58.7,0 days 00:01:10.952821,relu,64,0,6,huber,0.000566023,0.202579187,0.000985687,512,,COMPLETE
406,0.969076824,40:41.3,41:56.8,0 days 00:01:15.449671,relu,64,0,6,huber,0.000590653,0.207476871,0.000999918,512,,COMPLETE
102,0.969131428,38:40.4,39:48.9,0 days 00:01:08.535155,relu,64,0,6,huber,0.000556661,0.20161713,0.000179256,512,,COMPLETE
361,0.969206887,37:44.3,38:40.7,0 days 00:00:56.446677,relu,64,0,5,huber,0.000560874,0.206907106,0.000723496,512,,COMPLETE
484,0.969362849,27:47.5,29:07.3,0 days 00:01:19.783504,relu,64,0,6,huber,0.000578712,0.22064919,0.000410059,512,,COMPLETE
169,0.969568032,09:33.4,10:45.9,0 days 00:01:12.440336,relu,64,0,6,huber,0.000545043,0.20633148,0.000821739,512,,COMPLETE
162,0.969666946,01:41.2,02:58.7,0 days 00:01:17.572403,relu,64,0,6,huber,0.000534315,0.204668143,0.000556581,512,,COMPLETE
65,0.969821978,36:24.0,37:44.3,0 days 00:01:20.302780,relu,64,0,6,huber,0.000548865,0.258643133,0.000430078,512,,COMPLETE
384,0.969866753,09:04.7,10:22.7,0 days 00:01:17.985129,relu,64,0,6,huber,0.000561467,0.210156858,0.000770258,512,,COMPLETE
444,0.969894874,35:31.6,36:47.1,0 days 00:01:15.561660,relu,64,0,6,huber,0.000553902,0.328207082,0.000778009,512,,COMPLETE
202,0.97012918,57:07.6,58:22.8,0 days 00:01:15.252551,relu,64,0,6,huber,0.000520023,0.206121916,0.000552679,512,,COMPLETE
245,0.97014004,54:49.8,56:09.2,0 days 00:01:19.393469,relu,64,0,6,huber,0.000530195,0.206437296,0.00089282,512,,COMPLETE
151,0.97014274,43:21.6,44:31.8,0 days 00:01:10.193308,relu,64,0,6,huber,0.000537554,0.214238028,0.000415974,512,,COMPLETE
374,0.970177287,54:54.2,55:55.7,0 days 00:01:01.466099,gelu,64,0,5,huber,0.00052897,0.206836386,0.000983735,1024,,COMPLETE
349,0.970439672,18:46.8,19:58.0,0 days 00:01:11.154273,relu,64,0,6,huber,0.000630263,0.217766088,0.000806107,512,,COMPLETE
73,0.970543349,50:51.5,51:57.0,0 days 00:01:05.592394,relu,64,0,6,huber,0.00056288,0.235000838,0.000217819,512,,COMPLETE
287,0.970588022,54:55.6,56:10.1,0 days 00:01:14.513022,relu,64,0,6,huber,0.000500794,0.227791278,0.000479593,512,,COMPLETE
394,0.970612872,22:33.9,23:50.7,0 days 00:01:16.805730,relu,64,0,6,huber,0.000542186,0.212211168,0.000885727,512,,COMPLETE
123,0.970617807,05:09.4,06:25.4,0 days 00:01:16.008015,relu,64,0,6,huber,0.000522623,0.218039528,0.00023777,512,,COMPLETE
163,0.970640051,02:58.9,04:08.0,0 days 00:01:09.172830,relu,64,0,6,huber,0.000519415,0.204246455,0.000704267,512,,COMPLETE
244,0.970676029,53:24.8,54:49.7,0 days 00:01:24.829635,relu,64,0,6,huber,0.000539438,0.212460817,0.000810395,512,,COMPLETE
130,0.970724136,16:18.8,17:33.1,0 days 00:01:14.217115,relu,64,0,6,huber,0.000500051,0.211726131,0.000454332,512,,COMPLETE
79,0.970950568,58:31.2,59:49.8,0 days 00:01:18.614056,relu,64,0,6,huber,0.000623317,0.242640628,0.0002111,512,,COMPLETE
271,0.970964426,31:27.1,32:50.5,0 days 00:01:23.412659,relu,64,0,6,huber,0.000539591,0.214697729,0.000564403,512,,COMPLETE
411,0.971034878,46:56.7,48:10.5,0 days 00:01:13.790071,relu,64,0,6,huber,0.000521799,0.207273573,0.000419425,512,,COMPLETE
188,0.971467453,35:40.4,36:44.4,0 days 00:01:03.980958,relu,64,0,6,huber,0.000537471,0.218529624,0.000656942,512,,COMPLETE
461,0.971482491,56:23.8,57:28.4,0 days 00:01:04.665234,relu,64,0,5,huber,0.00070803,0.232462904,0.00099682,512,,COMPLETE
261,0.971530205,17:47.9,19:06.6,0 days 00:01:18.697586,relu,64,0,6,huber,0.000533342,0.205465122,0.000568448,512,,COMPLETE
450,0.971644986,42:53.0,44:06.5,0 days 00:01:13.493778,relu,64,0,6,huber,0.000510769,0.209503812,0.000592248,512,,COMPLETE
415,0.971693248,51:59.1,53:15.3,0 days 00:01:16.151628,relu,64,0,6,huber,0.00058174,0.209859626,0.000302896,512,,COMPLETE
303,0.971929294,15:54.3,17:02.4,0 days 00:01:08.142696,relu,64,0,6,huber,0.000564063,0.213970106,0.000837087,512,,COMPLETE
280,0.971945882,42:18.2,43:37.9,0 days 00:01:19.684488,relu,64,0,6,huber,0.001414233,0.204186068,0.000318467,512,,COMPLETE
220,0.972076905,21:36.7,22:49.5,0 days 00:01:12.805886,relu,64,0,6,mae,0.000526008,0.22493132,0.000503306,512,,COMPLETE
242,0.972232479,50:41.0,52:03.2,0 days 00:01:22.152669,relu,64,0,6,huber,0.00057748,0.203583177,0.000459389,512,,COMPLETE
103,0.97230593,39:49.1,41:03.0,0 days 00:01:13.995173,relu,64,0,6,huber,0.000558019,0.203179196,0.000226182,512,,COMPLETE
87,0.97231223,14:01.9,15:15.8,0 days 00:01:13.814722,relu,64,0,6,huber,0.000545675,0.238734138,0.000162337,512,,COMPLETE
37,0.972417694,58:48.3,59:45.8,0 days 00:00:57.431292,relu,64,0,4,huber,0.000758967,0.304872643,0.000339565,512,,COMPLETE
64,0.972456652,35:04.0,36:23.8,0 days 00:01:19.814833,relu,64,0,6,huber,0.00053976,0.245213059,0.000375774,512,,COMPLETE
382,0.972468174,06:35.7,07:46.5,0 days 00:01:10.849461,relu,64,0,6,huber,0.00054456,0.204025128,0.000121782,512,,COMPLETE
302,0.972540432,14:31.4,15:54.1,0 days 00:01:22.787603,relu,64,0,6,huber,0.001027801,0.209117895,0.0003742,512,,COMPLETE
216,0.972553617,16:24.2,17:44.4,0 days 00:01:20.202879,relu,64,0,6,mae,0.000531685,0.221785371,0.000727784,512,,COMPLETE
108,0.972642463,44:56.6,46:05.1,0 days 00:01:08.540546,relu,64,0,6,huber,0.000554218,0.217514175,0.000183773,512,,COMPLETE
481,0.972699803,24:34.2,25:55.4,0 days 00:01:21.275184,relu,64,0,6,mae,0.000561035,0.21692246,0.000473652,512,,COMPLETE
135,0.972704422,22:10.1,23:18.2,0 days 00:01:08.108306,relu,64,0,6,huber,0.00051254,0.203383597,0.000480467,512,,COMPLETE
173,0.972728372,16:30.6,17:48.8,0 days 00:01:18.164752,relu,64,0,6,huber,0.000571395,0.217049901,0.000364085,512,,COMPLETE
88,0.97274372,15:15.9,16:36.2,0 days 00:01:20.327077,relu,64,0,6,huber,0.00055078,0.216645841,0.000154458,512,,COMPLETE
66,0.972798377,37:44.4,39:02.2,0 days 00:01:17.747367,relu,64,0,6,huber,0.000558702,0.241830768,0.00038841,512,,COMPLETE
310,0.972811967,27:24.5,28:41.6,0 days 00:01:17.081768,relu,64,0,6,huber,0.000510966,0.204450652,0.000356313,512,,COMPLETE
458,0.972823668,52:55.0,54:18.9,0 days 00:01:23.884764,relu,64,0,6,mae,0.000572871,0.204225361,0.000861767,512,,COMPLETE
258,0.97286666,11:36.5,12:55.7,0 days 00:01:19.172950,relu,64,0,6,huber,0.000984256,0.229861848,0.000353634,512,,COMPLETE
278,0.972872806,40:15.5,41:34.7,0 days 00:01:19.211247,relu,64,0,6,huber,0.000516422,0.214036132,0.000514012,512,,COMPLETE
185,0.972956532,31:35.5,32:48.6,0 days 00:01:13.145479,relu,64,0,6,huber,0.000567959,0.222045274,0.000709729,512,,COMPLETE
194,0.972994077,47:21.4,48:30.6,0 days 00:01:09.159677,relu,64,0,6,huber,0.000552541,0.208346453,0.00038153,512,,COMPLETE
276,0.973027885,37:47.4,39:01.8,0 days 00:01:14.393286,relu,64,0,6,huber,0.000501237,0.210508751,0.000395263,512,,COMPLETE
239,0.973119497,47:12.2,48:29.9,0 days 00:01:17.661382,relu,64,0,6,huber,0.00051752,0.210283815,0.000673959,512,,COMPLETE
172,0.973142117,15:18.7,16:30.5,0 days 00:01:11.755666,relu,64,0,6,huber,0.000510158,0.209440428,0.00087049,512,,COMPLETE
291,0.97342732,00:07.0,01:25.8,0 days 00:01:18.841343,relu,64,0,6,huber,0.000517933,0.232961256,0.00039736,512,,COMPLETE
423,0.97354517,05:28.9,06:39.8,0 days 00:01:10.892495,relu,64,0,6,huber,0.000523884,0.366515543,0.000660671,512,,COMPLETE
201,0.973596263,55:55.7,57:07.5,0 days 00:01:11.802903,relu,64,0,6,huber,0.000540391,0.20372553,0.000746216,512,,COMPLETE
116,0.973712093,56:13.8,57:33.1,0 days 00:01:19.292418,relu,64,0,6,mae,0.000517855,0.200177373,0.000282835,512,,COMPLETE
143,0.973862076,33:15.9,34:23.0,0 days 00:01:07.081699,relu,64,0,6,huber,0.000542787,0.215914462,0.000310414,512,,COMPLETE
460,0.973886925,55:13.3,56:23.6,0 days 00:01:10.386805,relu,64,0,6,huber,0.000526146,0.205879691,0.000668583,512,,COMPLETE
175,0.973951185,19:00.5,20:14.2,0 days 00:01:13.724460,relu,64,0,6,huber,0.00053336,0.212382186,0.00052151,512,,COMPLETE
207,0.974067611,03:03.9,04:12.9,0 days 00:01:09.090964,relu,64,0,6,huber,0.000509118,0.218716041,0.000300532,512,,COMPLETE
166,0.974080467,06:24.9,07:37.4,0 days 00:01:12.487304,relu,64,0,6,huber,0.000528417,0.209521713,0.000551154,512,,COMPLETE
373,0.974122822,53:46.3,54:54.1,0 days 00:01:07.763552,relu,64,0,6,huber,0.000543923,0.200005143,0.000688438,512,,COMPLETE
104,0.974279916,41:03.2,42:08.8,0 days 00:01:05.584002,relu,64,0,6,huber,0.000542168,0.201565345,0.000180369,512,,COMPLETE
342,0.97428447,10:29.5,11:42.3,0 days 00:01:12.791509,relu,64,0,6,huber,0.000550928,0.221597286,0.000683185,512,,COMPLETE
383,0.974290311,07:46.6,09:04.6,0 days 00:01:17.948267,relu,64,0,6,huber,0.000673914,0.219697893,0.000369386,512,,COMPLETE
272,0.974379015,32:50.6,33:55.3,0 days 00:01:04.629768,relu,64,0,6,huber,0.000560124,0.220531593,6.39E-05,512,,COMPLETE
426,0.974479693,09:51.4,11:10.0,0 days 00:01:18.590485,relu,64,0,6,huber,0.00053862,0.316678032,0.000628369,512,,COMPLETE
223,0.974518901,25:10.2,26:23.5,0 days 00:01:13.349492,relu,64,0,6,huber,0.00058263,0.21652629,0.000892495,512,,COMPLETE
308,0.974550712,21:25.5,22:28.5,0 days 00:01:03.005102,relu,64,0,6,huber,0.000528432,0.23101094,0.00053371,512,,COMPLETE
195,0.974579895,48:30.7,49:40.1,0 days 00:01:09.370405,relu,64,0,6,huber,0.000582624,0.200056496,0.000425402,512,,COMPLETE
419,0.97472102,00:35.2,01:57.6,0 days 00:01:22.360859,relu,64,0,6,huber,0.000513596,0.217892503,0.000375746,512,,COMPLETE
180,0.974737477,25:32.7,26:34.2,0 days 00:01:01.480968,relu,64,0,5,huber,0.00056671,0.214723295,0.000488183,512,,COMPLETE
111,0.974773479,50:06.1,51:16.7,0 days 00:01:10.506960,relu,64,0,6,huber,0.000553222,0.205135217,0.000128648,512,,COMPLETE
368,0.97478689,47:20.2,48:33.9,0 days 00:01:13.666382,relu,64,0,6,huber,0.000557233,0.207424293,0.000632831,512,,COMPLETE
472,0.975066108,13:14.0,14:24.6,0 days 00:01:10.583601,gelu,64,0,6,huber,0.000535419,0.223713131,0.000561248,512,,COMPLETE
224,0.975166035,26:23.6,27:31.7,0 days 00:01:08.088341,relu,64,0,6,huber,0.000535994,0.20373214,0.000605304,512,,COMPLETE
203,0.975166321,58:23.0,59:47.6,0 days 00:01:24.586927,relu,64,0,6,huber,0.000547262,0.212888114,0.000448641,512,,COMPLETE
482,0.975201482,25:55.6,27:02.2,0 days 00:01:06.615981,relu,64,0,6,huber,0.000594163,0.209460079,0.000691028,512,,COMPLETE
350,0.975234509,19:58.1,21:07.4,0 days 00:01:09.296975,relu,64,0,6,huber,0.000554806,0.212115974,0.000343637,512,,COMPLETE
457,0.975281847,51:42.1,52:54.9,0 days 00:01:12.810770,relu,64,0,6,huber,0.000500305,0.354504223,0.000632638,512,,COMPLETE
471,0.97537725,12:14.7,13:13.9,0 days 00:00:59.187291,gelu,64,0,6,huber,0.000563605,0.220750497,0.000238909,512,,COMPLETE
161,0.975492513,00:31.1,01:41.0,0 days 00:01:09.918049,relu,64,0,6,huber,0.000535706,0.200058967,0.000611783,1024,,COMPLETE
226,0.975542921,28:49.0,29:52.4,0 days 00:01:03.425678,relu,64,0,6,huber,0.000519988,0.219968839,0.000412696,512,,COMPLETE
121,0.975552797,02:52.4,04:00.2,0 days 00:01:07.774545,relu,64,0,6,huber,0.000554633,0.215826578,0.000162986,512,,COMPLETE
133,0.975685203,20:01.7,21:14.0,0 days 00:01:12.275106,relu,64,0,6,huber,0.000500542,0.211252984,0.000840528,512,,COMPLETE
277,0.975732833,39:01.9,40:15.3,0 days 00:01:13.382239,relu,64,0,6,huber,0.000530402,0.207377197,0.000277285,512,,COMPLETE
83,0.975897336,03:17.3,04:37.5,0 days 00:01:20.153860,relu,64,0,6,huber,0.000571027,0.260254088,0.00037173,512,,COMPLETE
420,0.975903088,01:57.7,03:02.1,0 days 00:01:04.370090,relu,64,0,6,huber,0.000566754,0.206344718,0.000762878,512,,COMPLETE
240,0.975998825,48:30.0,49:37.0,0 days 00:01:06.962381,relu,64,0,6,huber,0.000557664,0.207544959,0.000289206,512,,COMPLETE
318,0.976024514,38:08.4,39:07.5,0 days 00:00:59.045561,relu,64,0,5,huber,0.000541191,0.210420793,0.000992377,512,,COMPLETE
467,0.976046801,07:45.7,08:51.0,0 days 00:01:05.317687,relu,64,0,6,huber,0.000586215,0.21246192,0.000785889,512,,COMPLETE
150,0.976169997,42:08.8,43:21.5,0 days 00:01:12.683606,relu,64,0,6,huber,0.000524793,0.205750536,0.000346575,512,,COMPLETE
345,0.976374048,14:37.5,15:50.4,0 days 00:01:12.929701,relu,64,0,5,mse,0.000509382,0.229876632,0.000250736,512,,COMPLETE
324,0.976523232,44:57.9,46:07.1,0 days 00:01:09.201676,relu,64,0,6,huber,0.000576178,0.217056536,0.000884563,512,,COMPLETE
360,0.976546824,36:13.8,37:44.2,0 days 00:01:30.333142,relu,64,0,6,huber,0.000612973,0.207400831,0.000906803,128,,COMPLETE
165,0.976742113,05:12.2,06:24.8,0 days 00:01:12.575406,relu,64,0,6,huber,0.000574386,0.203737915,0.000799657,512,,COMPLETE
337,0.976866919,03:10.0,04:19.1,0 days 00:01:09.102403,relu,64,0,6,huber,0.000810809,0.211470673,0.000492326,512,,COMPLETE
286,0.976897806,53:43.5,54:55.4,0 days 00:01:11.945460,relu,64,0,6,huber,0.000550267,0.20464786,0.000668133,512,,COMPLETE
283,0.976921278,50:06.5,51:22.5,0 days 00:01:16.040897,relu,64,0,6,huber,0.000545547,0.207077124,0.000540379,512,,COMPLETE
412,0.976929903,48:10.6,49:22.7,0 days 00:01:12.086463,gelu,64,0,6,huber,0.000570096,0.234399365,0.000105798,512,,COMPLETE
84,0.977026689,04:37.6,05:49.0,0 days 00:01:11.365655,relu,64,0,6,huber,0.000581448,0.250671623,0.000151724,512,,COMPLETE
221,0.977036244,22:49.6,23:53.8,0 days 00:01:04.145964,relu,64,0,6,huber,0.000559958,0.214349155,0.000350917,512,,COMPLETE
112,0.977109486,51:16.8,52:26.9,0 days 00:01:10.119140,relu,64,0,6,huber,0.00059435,0.211137898,0.000244746,512,,COMPLETE
62,0.977213037,32:37.5,33:54.1,0 days 00:01:16.568220,relu,64,0,6,huber,0.000513014,0.288167483,0.000249214,512,,COMPLETE
174,0.977214348,17:48.9,19:00.4,0 days 00:01:11.490057,relu,64,0,6,huber,0.000551883,0.200124867,0.000707791,512,,COMPLETE
454,0.977217799,48:18.0,49:49.3,0 days 00:01:31.310155,relu,64,0.1,6,huber,0.000907395,0.223344471,0.000379751,512,,COMPLETE
181,0.977241111,26:34.3,27:48.3,0 days 00:01:13.915530,relu,64,0,6,huber,0.000544388,0.204560697,0.000384707,512,,COMPLETE
199,0.977286857,53:23.3,54:40.2,0 days 00:01:16.898322,relu,64,0,6,huber,0.001071593,0.211333611,0.000867651,512,,COMPLETE
85,0.977323854,05:49.1,06:58.6,0 days 00:01:09.483652,relu,64,0,6,huber,0.000600536,0.25981602,0.000129881,512,,COMPLETE
95,0.977392101,22:50.4,25:14.2,0 days 00:02:23.774152,relu,32,0,6,huber,0.000672012,0.242342673,9.26E-05,512,,COMPLETE
113,0.977409196,52:27.0,53:40.2,0 days 00:01:13.182831,relu,64,0,6,huber,0.000632107,0.227474525,0.000324658,512,,COMPLETE
124,0.977425182,06:25.6,07:26.1,0 days 00:01:00.533423,relu,64,0,6,huber,0.000524945,0.223890349,0.000317802,512,,COMPLETE
296,0.977490902,07:11.6,08:19.4,0 days 00:01:07.774626,gelu,64,0,6,huber,0.00051668,0.222348429,0.000452405,512,,COMPLETE
473,0.977510911,14:24.7,15:46.5,0 days 00:01:21.730092,gelu,64,0,6,huber,0.000550397,0.216969077,0.000450741,512,,COMPLETE
299,0.977611226,10:47.6,12:00.1,0 days 00:01:12.563630,relu,64,0,6,huber,0.000551502,0.211234034,1.72E-05,512,,COMPLETE
206,0.977920312,01:52.9,03:03.7,0 days 00:01:10.856350,relu,64,0,6,huber,0.000586596,0.203135106,0.000884417,1024,,COMPLETE
222,0.978052402,23:53.9,25:10.0,0 days 00:01:16.112480,relu,64,0,6,huber,0.000556371,0.210081865,0.000746446,512,,COMPLETE
210,0.97809332,08:59.9,10:16.6,0 days 00:01:16.655784,relu,64,0,6,mae,0.000527418,0.226579446,0.000665775,512,,COMPLETE
67,0.978160721,39:02.3,40:09.3,0 days 00:01:07.040322,relu,64,0,6,huber,0.000570808,0.248926397,0.000408327,512,,COMPLETE
179,0.978203321,24:25.5,25:32.6,0 days 00:01:07.129466,relu,64,0,6,huber,0.000590518,0.208495886,0.000990374,1024,,COMPLETE
115,0.978284681,55:01.3,56:13.6,0 days 00:01:12.333107,relu,64,0,6,huber,0.000577352,0.222802319,0.000181591,512,,COMPLETE
346,0.978288412,15:50.6,16:55.6,0 days 00:01:04.977539,relu,64,0,6,huber,0.000536885,0.213949768,0.000423646,512,,COMPLETE
434,0.978317553,19:35.7,20:48.4,0 days 00:01:12.724783,relu,64,0,6,huber,0.000524744,0.209890739,0.000420883,512,,COMPLETE
465,0.978330427,04:42.7,06:01.9,0 days 00:01:19.148102,relu,64,0,6,huber,0.000510964,0.203770281,0.000471541,512,,COMPLETE
217,0.978441554,17:44.6,19:01.4,0 days 00:01:16.847517,relu,64,0,6,mae,0.00051313,0.216458982,0.00061923,512,,COMPLETE
186,0.978620517,32:48.7,34:06.3,0 days 00:01:17.561633,relu,64,0,6,huber,0.000556477,0.20761001,0.00057996,512,,COMPLETE
60,0.978667992,30:24.7,31:34.2,0 days 00:01:09.511752,relu,64,0,6,huber,0.000501184,0.268781346,0.000431397,512,,COMPLETE
152,0.978697264,44:31.9,45:48.5,0 days 00:01:16.600789,relu,64,0,6,huber,0.000536791,0.215100335,0.000432167,512,,COMPLETE
118,0.97869845,58:54.1,00:10.7,0 days 00:01:16.560226,relu,64,0,6,huber,0.000689925,0.21844687,0.000208252,512,,COMPLETE
355,0.978829741,30:12.3,31:29.5,0 days 00:01:17.247237,gelu,64,0,6,huber,0.000603958,0.202272293,0.000929255,512,,COMPLETE
410,0.978881872,45:52.0,46:56.6,0 days 00:01:04.532494,relu,64,0,6,huber,0.000552368,0.202334043,2.03E-05,512,,COMPLETE
41,0.978898925,06:05.1,06:58.9,0 days 00:00:53.783527,relu,64,0,4,huber,0.000783836,0.312510693,0.00068117,512,,COMPLETE
425,0.978992456,08:40.3,09:51.2,0 days 00:01:10.951920,relu,64,0,6,huber,0.000523811,0.307820237,0.000899466,512,,COMPLETE
363,0.978993648,41:00.3,42:12.3,0 days 00:01:12.047029,relu,64,0,6,huber,0.00076513,0.208617795,0.000810639,512,,COMPLETE
149,0.978995007,41:00.4,42:08.6,0 days 00:01:08.260849,relu,64,0,5,huber,0.000500467,0.208976716,0.000517399,512,,COMPLETE
447,0.979012853,39:10.8,40:07.0,0 days 00:00:56.185842,relu,64,0,5,huber,0.000535697,0.22114636,0.000990661,512,,COMPLETE
193,0.979137158,46:04.5,47:21.3,0 days 00:01:16.802705,relu,64,0,6,huber,0.000526221,0.223149117,0.000489652,512,,COMPLETE
443,0.979209042,34:19.6,35:31.5,0 days 00:01:11.873195,relu,64,0,6,huber,0.000584288,0.21118377,0.000590925,512,,COMPLETE
312,0.979294848,29:54.2,30:47.8,0 days 00:00:53.677407,relu,64,0,5,huber,0.000921668,0.288957558,0.000998535,512,,COMPLETE
357,0.979387224,32:33.3,33:47.7,0 days 00:01:14.344815,relu,64,0,6,huber,0.000572877,0.201567599,0.0009697,512,,COMPLETE
171,0.979432648,14:09.7,15:18.6,0 days 00:01:08.850411,relu,64,0,6,huber,0.000546587,0.204838475,0.000598667,512,,COMPLETE
313,0.979454732,30:48.0,32:24.1,0 days 00:01:36.186011,relu,64,0,6,huber,0.000555131,0.22532284,9.61E-05,128,,COMPLETE
72,0.979515666,49:42.3,50:51.3,0 days 00:01:09.045846,relu,64,0,6,huber,0.000611568,0.248971302,0.000384177,512,,COMPLETE
395,0.979604822,23:50.9,25:06.2,0 days 00:01:15.330693,relu,64,0,6,huber,0.000500268,0.219812403,0.000674506,512,,COMPLETE
456,0.979688358,50:36.0,51:41.9,0 days 00:01:05.963338,relu,64,0,6,huber,0.000525447,0.208903455,0.000426369,1024,,COMPLETE
372,0.979690415,52:36.9,53:46.2,0 days 00:01:09.274191,relu,64,0,6,huber,0.000566293,0.210257421,8.88E-06,512,,COMPLETE
328,0.979780155,49:45.6,51:05.0,0 days 00:01:19.442750,relu,64,0,6,huber,0.000519467,0.226194778,0.000608236,512,,COMPLETE
288,0.979797572,56:10.2,57:18.5,0 days 00:01:08.267814,relu,64,0,6,huber,0.000616402,0.211516287,0.00059154,512,,COMPLETE
241,0.979827839,49:37.1,50:40.9,0 days 00:01:03.800921,relu,64,0,6,huber,0.000555388,0.200694618,0.000370361,512,,COMPLETE
122,0.979922551,04:00.3,05:09.3,0 days 00:01:08.945903,relu,64,0,6,huber,0.000544169,0.238006352,0.000145516,512,,COMPLETE
489,0.979972392,35:48.1,36:50.0,0 days 00:01:01.865775,relu,64,0,6,huber,0.000532131,0.207085424,0.000608823,512,,COMPLETE
330,0.980191845,54:55.7,56:33.7,0 days 00:01:37.963794,relu,64,0.1,6,huber,0.000563825,0.22010541,0.000471492,512,,COMPLETE
267,0.980297679,25:41.9,26:59.3,0 days 00:01:17.367666,relu,64,0,6,mae,0.000521114,0.225391385,0.000528855,512,,COMPLETE
228,0.980341059,31:22.0,32:38.3,0 days 00:01:16.282413,gelu,64,0,6,huber,0.000599811,0.208500112,0.000543586,512,,COMPLETE
469,0.98038314,09:45.7,10:49.9,0 days 00:01:04.168777,relu,64,0,6,huber,0.000500253,0.200143942,3.22E-05,1024,,COMPLETE
334,0.980538434,00:08.0,01:15.6,0 days 00:01:07.613503,relu,64,0,6,huber,0.000842411,0.20505921,7.14E-05,512,,COMPLETE
432,0.980609351,17:54.8,18:50.7,0 days 00:00:55.814632,gelu,64,0,5,huber,0.000599619,0.394510125,0.000999635,512,,COMPLETE
69,0.980707222,45:17.7,46:26.4,0 days 00:01:08.688858,relu,64,0,6,huber,0.000567704,0.252853513,0.000368707,512,,COMPLETE
77,0.980772549,55:51.9,57:00.6,0 days 00:01:08.725658,relu,64,0,6,mse,0.000548438,0.210702702,0.000101277,512,,COMPLETE
439,0.980819887,25:34.7,26:48.8,0 days 00:01:14.160366,relu,64,0,6,huber,0.000571286,0.236819859,0.00087952,512,,COMPLETE
403,0.980900693,37:15.1,38:22.1,0 days 00:01:07.073297,relu,64,0,6,huber,0.00054079,0.232439351,5.54E-05,512,,COMPLETE
93,0.981024665,20:49.9,21:53.0,0 days 00:01:03.137414,relu,64,0,6,huber,0.000603696,0.222082418,0.000148823,512,,COMPLETE
359,0.981095552,35:03.7,36:13.7,0 days 00:01:10.029690,relu,64,0.1,4,huber,0.000578693,0.200240427,0.000795207,512,,COMPLETE
435,0.981144118,20:48.6,21:59.5,0 days 00:01:10.922204,relu,64,0,6,huber,0.000559296,0.264035012,0.000576456,512,,COMPLETE
141,0.981167442,30:49.2,31:59.0,0 days 00:01:09.724910,relu,64,0,6,huber,0.000510712,0.207368512,0.000375915,512,,COMPLETE
304,0.981331176,17:02.5,18:07.5,0 days 00:01:05.002426,relu,64,0,6,huber,0.000530307,0.207142348,0.000636998,512,,COMPLETE
305,0.981606919,18:07.7,19:06.1,0 days 00:00:58.446373,relu,64,0,6,huber,0.000554223,0.221538058,0.000317376,512,,COMPLETE
257,0.981621075,10:29.3,11:36.4,0 days 00:01:07.016277,relu,64,0,6,huber,0.000511517,0.206734076,0.000629201,512,,COMPLETE
266,0.981780595,24:29.5,25:41.8,0 days 00:01:12.285700,relu,64,0,6,huber,0.000568284,0.228008009,0.00049641,512,,COMPLETE
387,0.981808567,14:03.9,15:10.4,0 days 00:01:06.497890,relu,64,0,6,huber,0.00058342,0.203185891,0.000589545,512,,COMPLETE
414,0.981890517,51:06.4,51:59.0,0 days 00:00:52.574795,relu,64,0,4,huber,0.000661457,0.200000166,0.000704481,512,,COMPLETE
317,0.981933963,37:06.7,38:08.3,0 days 00:01:01.646707,relu,64,0,5,huber,0.000592609,0.280955806,0.000676616,512,,COMPLETE
74,0.981991434,51:57.2,53:08.4,0 days 00:01:11.195867,relu,64,0,6,huber,0.000584891,0.23333474,0.000198762,512,,COMPLETE
55,0.982055491,22:29.8,23:27.9,0 days 00:00:58.083181,relu,64,0,5,huber,0.000906005,0.398819581,0.000713718,512,,COMPLETE
253,0.982122242,05:33.8,06:44.6,0 days 00:01:10.827364,relu,64,0,6,huber,0.000501585,0.20858594,0.000407381,512,,COMPLETE
106,0.982243323,43:02.8,44:06.8,0 days 00:01:04.078902,relu,64,0,6,huber,0.000645947,0.213138045,0.00022906,512,,COMPLETE
341,0.982270604,09:21.1,10:29.4,0 days 00:01:08.256834,relu,64,0,6,huber,0.00069633,0.21170764,0.000572691,512,,COMPLETE
495,0.982358319,42:29.2,43:31.6,0 days 00:01:02.382883,relu,64,0,6,huber,0.001580266,0.209648637,0.000809632,512,,COMPLETE
99,0.982499629,29:49.9,31:00.9,0 days 00:01:11.030997,relu,64,0,6,huber,0.000603094,0.276019906,0.000551614,512,,COMPLETE
421,0.982527351,03:02.2,04:11.0,0 days 00:01:08.801293,relu,64,0,6,huber,0.000544511,0.210159876,0.000560024,512,,COMPLETE
254,0.982658207,06:44.7,07:55.5,0 days 00:01:10.720895,relu,64,0,6,huber,0.000525233,0.217760653,1.03E-06,512,,COMPLETE
445,0.982794183,36:47.3,37:52.9,0 days 00:01:05.583075,relu,64,0,6,huber,0.000510406,0.254517721,0.000342278,512,,COMPLETE
427,0.983015043,11:10.1,12:10.0,0 days 00:00:59.895663,relu,64,0,6,huber,0.000508685,0.205042993,0.000458481,512,,COMPLETE
438,0.983030486,24:22.1,25:34.6,0 days 00:01:12.448506,relu,64,0,6,huber,0.000541585,0.202795631,0.000461484,512,,COMPLETE
187,0.983150142,34:06.4,35:40.3,0 days 00:01:33.864359,relu,64,0,6,huber,0.000603166,0.214105677,0.000793606,128,,COMPLETE
284,0.98340292,51:22.7,52:20.9,0 days 00:00:58.288638,relu,64,0,5,huber,0.000509507,0.211864289,0.000391219,512,,COMPLETE
196,0.983411336,49:40.2,50:46.3,0 days 00:01:06.052598,relu,64,0,6,huber,0.00053808,0.218399303,0.000527603,512,,COMPLETE
182,0.983419341,27:48.4,28:51.9,0 days 00:01:03.568587,relu,64,0,6,huber,0.000515485,0.210690855,0.000464023,512,,COMPLETE
184,0.983481377,30:29.5,31:35.3,0 days 00:01:05.863139,relu,64,0,6,huber,0.00052684,0.216930132,0.000831935,512,,COMPLETE
294,0.983493707,05:10.2,06:10.8,0 days 00:01:00.643131,relu,64,0,3,huber,0.000591007,0.213164145,0.000272826,512,,COMPLETE
43,0.983560437,07:48.0,08:39.5,0 days 00:00:51.472300,relu,64,0,4,huber,0.00064261,0.308668887,0.000259612,512,,COMPLETE
377,0.983642656,01:17.4,02:16.2,0 days 00:00:58.771857,relu,64,0,6,huber,0.000553625,0.203910253,0.000536534,512,,COMPLETE
252,0.98365584,04:19.8,05:33.7,0 days 00:01:13.839694,relu,64,0,6,mae,0.000543985,0.214800926,0.000498813,512,,COMPLETE
401,0.983752334,35:14.5,36:20.2,0 days 00:01:05.730468,relu,64,0,6,huber,0.000525053,0.211160814,0.000865759,512,,COMPLETE
120,0.983969879,01:34.9,02:52.3,0 days 00:01:17.439269,relu,64,0,6,huber,0.000660352,0.207933137,8.23E-05,512,,COMPLETE
380,0.984002554,04:22.3,05:30.2,0 days 00:01:07.840008,relu,64,0,6,huber,0.000603486,0.206540327,0.000998534,512,,COMPLETE
82,0.984057438,02:12.9,03:17.2,0 days 00:01:04.358720,relu,64,0,6,huber,0.000501287,0.270101132,0.000292771,512,,COMPLETE
71,0.984150934,48:37.0,49:42.1,0 days 00:01:05.154161,relu,64,0,6,huber,0.000533356,0.257135485,0.000540051,512,,COMPLETE
322,0.984221196,42:46.3,43:53.3,0 days 00:01:07.032632,relu,64,0,6,huber,0.000525273,0.222945842,0.000269044,512,,COMPLETE
478,0.984226775,21:16.0,22:19.6,0 days 00:01:03.658925,gelu,64,0,6,huber,0.000547564,0.268689378,0.000521552,512,,COMPLETE
362,0.984252214,38:40.9,41:00.1,0 days 00:02:19.267733,relu,32,0,6,huber,0.000565557,0.203811512,0.000997772,1024,,COMPLETE
156,0.984293884,49:36.6,50:36.9,0 days 00:01:00.312138,relu,64,0,6,huber,0.000547883,0.203310841,0.000673219,1024,,COMPLETE
431,0.984349591,16:50.0,17:54.7,0 days 00:01:04.730013,relu,64,0,6,huber,0.000853365,0.202823298,0.00065361,512,,COMPLETE
453,0.984456962,47:09.4,48:17.9,0 days 00:01:08.472917,relu,64,0,6,huber,0.00051805,0.217411531,0.000706983,512,,COMPLETE
298,0.984533799,09:37.0,10:47.4,0 days 00:01:10.457257,relu,64,0,6,huber,0.00057687,0.216737346,0.000874765,512,,COMPLETE
370,0.984592414,50:29.3,51:36.5,0 days 00:01:07.144826,relu,64,0,6,huber,0.00059403,0.204790676,0.000496277,512,,COMPLETE
331,0.984604657,56:33.8,57:48.0,0 days 00:01:14.120711,relu,64,0,6,huber,0.000525332,0.35387438,0.000773311,512,,COMPLETE
499,0.984897465,48:16.4,49:21.4,0 days 00:01:04.976060,relu,64,0,6,huber,0.000551213,0.235740109,0.00072142,512,,COMPLETE
492,0.985122037,39:29.6,40:27.5,0 days 00:00:57.893438,gelu,64,0,6,huber,0.000569332,0.243763774,0.000746109,512,,COMPLETE
468,0.985230547,08:51.1,09:45.6,0 days 00:00:54.445131,relu,64,0,4,huber,0.000819237,0.238979202,5.64E-06,512,,COMPLETE
367,0.985292614,46:10.2,47:20.1,0 days 00:01:09.910809,relu,64,0,6,huber,0.00057189,0.211340237,0.000863296,512,,COMPLETE
256,0.985399377,09:02.4,10:29.2,0 days 00:01:26.819378,gelu,64,0.1,6,huber,0.000524872,0.212056445,6.82E-06,512,,COMPLETE
61,0.985877609,31:34.3,32:37.4,0 days 00:01:03.075317,relu,64,0,6,huber,0.000517495,0.268644008,0.000269339,512,,COMPLETE
248,0.985927826,58:23.5,59:26.8,0 days 00:01:03.363656,relu,64,0,6,huber,0.000513102,0.224981746,0.00068857,512,,COMPLETE
91,0.9859586,18:28.5,19:43.7,0 days 00:01:15.233541,relu,64,0,6,huber,0.000630534,0.225918794,0.000303733,512,,COMPLETE
81,0.98597753,01:09.0,02:12.7,0 days 00:01:03.711004,relu,64,0,6,huber,0.000522064,0.228998703,0.000218873,512,,COMPLETE
378,0.986247861,02:16.3,03:20.7,0 days 00:01:04.425779,relu,64,0,6,huber,0.000513027,0.208700731,0.000693465,512,,COMPLETE
235,0.986271793,42:36.2,43:40.8,0 days 00:01:04.555953,relu,64,0,6,huber,0.000573086,0.215682124,0.000590849,512,,COMPLETE
236,0.986425352,43:40.9,44:53.1,0 days 00:01:12.197381,relu,64,0,6,huber,0.000524824,0.228502609,0.000422264,512,,COMPLETE
140,0.986574924,29:11.5,30:49.1,0 days 00:01:37.593410,relu,64,0.1,6,huber,0.000526344,0.224519958,0.000404918,512,,COMPLETE
400,0.986595023,34:02.5,35:14.4,0 days 00:01:11.872210,relu,64,0,6,huber,0.000560636,0.20764251,0.000480424,512,,COMPLETE
376,0.986674815,00:13.8,01:17.3,0 days 00:01:03.456960,relu,64,0,6,huber,0.000575976,0.212348795,0.000822657,512,,COMPLETE
389,0.98684724,16:17.0,17:13.6,0 days 00:00:56.584605,relu,64,0,6,huber,0.000527012,0.200111675,0.000456368,1024,,COMPLETE
319,0.987178445,39:07.6,40:51.8,0 days 00:01:44.170426,relu,64,0.2,6,huber,0.000529468,0.215680262,0.000638198,1024,,COMPLETE
233,0.987189597,40:30.6,41:36.7,0 days 00:01:06.028515,relu,64,0,6,huber,0.000533245,0.211494425,0.000999887,512,,COMPLETE
270,0.987245244,29:17.0,31:27.0,0 days 00:02:09.935049,relu,32,0,6,huber,0.000581462,0.200257665,1.32E-06,512,,COMPLETE
477,0.987303835,20:11.1,21:15.9,0 days 00:01:04.743999,gelu,64,0,6,huber,0.000789672,0.226307454,0.000686187,512,,COMPLETE
138,0.987304002,25:58.2,27:01.3,0 days 00:01:03.123083,gelu,64,0,6,huber,0.000534247,0.210971498,0.000500131,512,,COMPLETE
176,0.987533575,20:14.4,21:15.2,0 days 00:01:00.797812,relu,64,0,6,huber,0.001958052,0.204504419,2.45E-05,512,,COMPLETE
13,0.987632978,20:35.7,21:57.6,0 days 00:01:21.940028,relu,64,0.2,4,huber,0.000775218,0.337100922,0.000715464,1024,,COMPLETE
437,0.987688231,23:21.0,24:22.0,0 days 00:01:00.939343,relu,64,0,6,huber,0.000517838,0.207141272,0.000779841,512,,COMPLETE
371,0.987703413,51:36.6,52:36.8,0 days 00:01:00.163621,relu,64,0,6,huber,0.000515451,0.273506538,0.000584312,512,,COMPLETE
386,0.987876493,13:01.8,14:03.7,0 days 00:01:01.900522,relu,64,0,4,mse,0.000501034,0.229764768,0.000838457,512,,COMPLETE
344,0.988143355,13:39.1,14:37.4,0 days 00:00:58.310616,relu,64,0,6,huber,0.000569398,0.2030431,0.000886082,512,,COMPLETE
476,0.988254893,19:09.2,20:11.0,0 days 00:01:01.828217,gelu,64,0,6,huber,0.000526213,0.214257913,0.000385374,512,,COMPLETE
388,0.988260251,15:10.5,16:16.9,0 days 00:01:06.369933,relu,64,0,6,huber,0.00110732,0.239999462,0.000675285,512,,COMPLETE
234,0.988405973,41:36.8,42:36.1,0 days 00:00:59.288284,relu,64,0,6,huber,0.000500013,0.206274054,0.000729014,512,,COMPLETE
290,0.988488591,59:01.1,00:06.8,0 days 00:01:05.754505,relu,64,0,6,huber,0.000533911,0.217332397,0.000840264,512,,COMPLETE
16,0.988576484,24:06.7,25:32.1,0 days 00:01:25.447385,gelu,64,0.2,4,huber,0.0012434,0.202635843,4.07E-06,1024,,COMPLETE
80,0.988616723,59:49.9,01:08.9,0 days 00:01:18.956492,relu,64,0,6,huber,0.000619182,0.244021714,7.86E-05,128,,COMPLETE
232,0.988623917,39:27.8,40:30.5,0 days 00:01:02.691951,relu,64,0,6,huber,0.000555279,0.208805186,0.000651159,512,,COMPLETE
164,0.98871007,04:08.2,05:12.1,0 days 00:01:03.904278,relu,64,0,6,huber,0.000549809,0.208044161,0.000555121,512,,COMPLETE
98,0.988719988,28:21.2,29:49.8,0 days 00:01:28.585348,relu,64,0,6,huber,0.000625838,0.235809978,0.000356163,128,,COMPLETE
249,0.988769835,59:27.0,01:37.8,0 days 00:02:10.826800,relu,32,0,6,huber,0.000529447,0.222033272,0.000542595,512,,COMPLETE
497,0.988803601,45:16.7,46:23.9,0 days 00:01:07.138445,relu,64,0,6,huber,0.000579857,0.212311304,3.11E-06,512,,COMPLETE
464,0.988859802,03:36.6,04:42.6,0 days 00:01:05.953351,relu,64,0,6,huber,0.000542384,0.226464028,0.000561586,512,,COMPLETE
96,0.988915575,25:14.3,27:00.8,0 days 00:01:46.470803,relu,64,0.1,6,mae,0.000586117,0.232282946,5.68E-05,512,,COMPLETE
200,0.989147073,54:40.3,55:55.5,0 days 00:01:15.228415,relu,64,0,6,mse,0.000517961,0.207269104,0.000815879,512,,COMPLETE
405,0.989193839,39:14.2,40:41.2,0 days 00:01:27.002309,relu,64,0.1,6,huber,0.000611308,0.215882492,2.36E-06,512,,COMPLETE
347,0.989218229,16:55.7,17:58.1,0 days 00:01:02.393627,relu,64,0,6,huber,0.000588692,0.20890081,0.000508473,1024,,COMPLETE
46,0.989326167,10:40.5,11:38.6,0 days 00:00:58.111126,relu,64,0,4,huber,0.000719753,0.335726206,0.000588493,512,,COMPLETE
136,0.989371997,23:18.3,24:19.9,0 days 00:01:01.614802,relu,64,0,6,huber,0.000529547,0.213298121,0.000649153,512,,COMPLETE
320,0.98953113,40:51.9,41:52.1,0 days 00:01:00.202093,relu,64,0,6,huber,0.000561243,0.21007148,0.000406448,512,,COMPLETE
323,0.989550328,43:53.4,44:57.7,0 days 00:01:04.300533,relu,64,0,6,huber,0.000613262,0.237276944,0.000519661,512,,COMPLETE
430,0.989635152,15:02.8,16:49.8,0 days 00:01:47.058277,relu,64,0.1,6,huber,0.000500896,0.374747412,0.000513632,512,,COMPLETE
379,0.989703017,03:20.9,04:22.2,0 days 00:01:01.298643,relu,64,0,6,huber,0.000532468,0.217652067,0.000417109,512,,COMPLETE
293,0.989789832,02:55.1,05:10.0,0 days 00:02:14.910571,relu,32,0,6,huber,0.000536173,0.200333776,0.000692454,512,,COMPLETE
366,0.989790165,45:09.4,46:10.0,0 days 00:01:00.641292,relu,64,0,6,huber,0.000546755,0.200178406,0.00054721,512,,COMPLETE
212,0.99004339,11:29.8,12:40.8,0 days 00:01:11.065615,relu,64,0,6,mae,0.000569634,0.231282655,0.000978295,512,,COMPLETE
105,0.990107576,42:08.9,43:02.6,0 days 00:00:53.732648,relu,64,0,3,huber,0.00051829,0.205928318,0.000211265,512,,COMPLETE
75,0.990182072,53:08.5,54:05.9,0 days 00:00:57.420407,relu,64,0,6,huber,0.000562165,0.225348861,0.000328488,512,,COMPLETE
364,0.990293342,42:12.4,43:19.3,0 days 00:01:06.830694,relu,64,0,6,mse,0.00058672,0.210361329,0.000646137,512,,COMPLETE
215,0.990329391,15:13.9,16:24.1,0 days 00:01:10.247422,relu,64,0,6,mae,0.000508824,0.22707932,0.000656121,512,,COMPLETE
63,0.9903534,33:54.2,35:03.9,0 days 00:01:09.662410,relu,64,0,6,huber,0.000509299,0.26604283,0.000241598,512,,COMPLETE
336,0.990485311,02:14.3,03:09.9,0 days 00:00:55.586803,relu,64,0,6,huber,0.000647044,0.241614671,0.000636533,512,,COMPLETE
144,0.990563416,34:23.1,35:32.3,0 days 00:01:09.173922,relu,64,0,6,huber,0.000573827,0.220808237,0.000233867,512,,COMPLETE
53,0.990704292,20:10.0,20:56.2,0 days 00:00:46.204427,relu,64,0,4,huber,0.000693937,0.329940724,0.000486267,512,,COMPLETE
192,0.990974408,45:01.2,46:04.4,0 days 00:01:03.146060,relu,64,0,6,huber,0.001509962,0.226143124,0.000350059,512,,COMPLETE
404,0.990983931,38:22.3,39:14.0,0 days 00:00:51.780686,relu,64,0,3,huber,0.000570382,0.203392756,0.000730771,512,,COMPLETE
327,0.9910833,48:43.0,49:45.5,0 days 00:01:02.470391,relu,64,0,6,huber,0.000554843,0.200097792,0.000711999,512,,COMPLETE
306,0.991256273,19:06.3,19:47.5,0 days 00:00:41.260492,relu,64,0,4,huber,0.000541271,0.214032257,2.71E-05,1024,,COMPLETE
316,0.991304916,35:01.0,37:06.5,0 days 00:02:05.510891,relu,32,0,5,huber,0.000566267,0.219535354,0.000790993,512,,COMPLETE
56,0.991317338,23:28.0,25:04.0,0 days 00:01:36.016670,relu,64,0,5,huber,0.000900903,0.3885472,0.000787578,256,TRUE,COMPLETE
333,0.9914379,59:04.9,00:07.8,0 days 00:01:02.903384,relu,64,0,6,huber,0.000598087,0.232957383,0.000564114,1024,,COMPLETE
356,0.991597927,31:29.7,32:33.2,0 days 00:01:03.537929,relu,64,0,6,huber,0.000590148,0.205221896,0.000842086,512,,COMPLETE
338,0.991688913,04:19.2,06:32.4,0 days 00:02:13.208104,relu,32,0,6,huber,0.000783522,0.204515301,0.000314699,512,,COMPLETE
134,0.991755152,21:14.2,22:10.0,0 days 00:00:55.806865,relu,64,0,6,huber,0.00052242,0.207599724,0.000571032,512,,COMPLETE
117,0.99180128,57:33.2,58:54.0,0 days 00:01:20.778990,relu,64,0.1,6,huber,0.000538693,0.210312022,0.000487913,512,,COMPLETE
480,0.992176896,23:34.9,24:34.0,0 days 00:00:59.087847,gelu,64,0,6,huber,0.000515927,0.231986411,0.000347461,512,,COMPLETE
255,0.992407352,07:55.6,09:02.3,0 days 00:01:06.657920,relu,64,0,6,huber,0.000544885,0.221958454,0.000738101,512,,COMPLETE
398,0.992464125,31:09.2,32:10.9,0 days 00:01:01.690538,relu,64,0,6,huber,0.000585478,0.204025143,0.000588037,512,,COMPLETE
479,0.992550933,22:19.8,23:34.8,0 days 00:01:15.027687,gelu,64,0.1,6,huber,0.000534112,0.212243289,0.000604867,512,,COMPLETE
494,0.992639565,41:30.6,42:29.1,0 days 00:00:58.465043,relu,64,0,6,huber,0.000522918,0.224066929,0.00031089,512,,COMPLETE
321,0.992684553,41:52.3,42:46.2,0 days 00:00:53.903111,relu,64,0,3,huber,0.000548135,0.213329613,0.000765531,512,,COMPLETE
32,0.992924792,53:03.4,54:12.7,0 days 00:01:09.322029,gelu,64,0.2,4,huber,0.001199595,0.293237174,1.92E-06,1024,,COMPLETE
214,0.993075675,14:12.1,15:13.7,0 days 00:01:01.618445,relu,64,0,6,mae,0.000524139,0.223403323,0.000747568,512,,COMPLETE
250,0.993286115,01:37.9,02:34.5,0 days 00:00:56.576020,relu,64,0,6,huber,0.000538546,0.216157895,0.00073377,1024,,COMPLETE
391,0.993387479,18:50.5,19:43.3,0 days 00:00:52.877629,relu,64,0,5,huber,0.000561706,0.21635449,0.000281091,512,,COMPLETE
307,0.993537259,19:47.6,21:25.4,0 days 00:01:37.728018,relu,64,0.1,6,huber,0.000582989,0.207981547,0.000442817,512,,COMPLETE
219,0.993722016,20:29.7,21:36.6,0 days 00:01:06.820269,relu,64,0,5,mae,0.000542196,0.229603531,0.000403453,512,,COMPLETE
452,0.993741429,45:03.2,47:09.3,0 days 00:02:06.055548,relu,32,0,6,huber,0.000535191,0.214135098,0.000293257,512,,COMPLETE
51,0.994027448,18:35.2,19:25.9,0 days 00:00:50.728292,relu,64,0,4,huber,0.000711894,0.336609208,0.000520769,512,,COMPLETE
139,0.994482517,27:01.5,29:11.4,0 days 00:02:09.906600,relu,32,0,6,mae,0.000563486,0.200429758,0.000611063,512,,COMPLETE
160,0.994713277,59:03.1,00:31.0,0 days 00:01:27.830240,relu,64,0.2,6,huber,0.000593212,0.20909358,0.000891512,1024,,COMPLETE
340,0.994877797,08:23.0,09:21.0,0 days 00:00:58.012369,relu,64,0,6,huber,0.001239621,0.217143162,4.16E-06,512,,COMPLETE
393,0.994937241,21:30.5,22:33.8,0 days 00:01:03.233880,gelu,64,0,6,huber,0.000572753,0.2465397,0.000520815,512,,COMPLETE
490,0.995075971,36:50.1,37:40.7,0 days 00:00:50.558206,relu,64,0,5,huber,0.000541255,0.379117308,0.000513696,512,,COMPLETE
92,0.995353013,19:43.8,20:49.8,0 days 00:01:05.929502,relu,64,0,6,huber,0.000575452,0.252206291,0.000158628,512,,COMPLETE
281,0.995634878,43:38.0,45:04.6,0 days 00:01:26.624578,relu,64,0.1,6,huber,0.000517804,0.200113987,0.000656108,512,,COMPLETE
402,0.995717531,36:20.4,37:14.9,0 days 00:00:54.540682,relu,64,0,5,huber,0.000513882,0.218940956,0.000550118,1024,,COMPLETE
42,0.996113062,06:59.0,07:47.9,0 days 00:00:48.874438,relu,64,0,4,huber,0.000891527,0.332493657,0.000622661,512,,COMPLETE
178,0.996130931,22:47.4,24:25.3,0 days 00:01:37.921089,relu,64,0.1,6,mae,0.000582122,0.220390615,0.00060019,512,,COMPLETE
94,0.996235025,21:53.2,22:50.2,0 days 00:00:57.086902,relu,64,0,2,huber,0.000562021,0.215804739,0.000217688,512,,COMPLETE
265,0.996275502,23:35.6,24:29.4,0 days 00:00:53.808287,relu,64,0,6,huber,0.000560658,0.231511112,1.18E-05,1024,,COMPLETE
442,0.996344495,32:44.0,34:19.5,0 days 00:01:35.461659,relu,64,0.2,6,huber,0.000971295,0.228843603,0.000693049,1024,,COMPLETE
57,0.996565145,25:04.2,27:26.8,0 days 00:02:22.605727,relu,32,0.1,5,huber,0.000964777,0.398803143,0.000173731,512,,COMPLETE
168,0.996673441,08:21.1,09:33.3,0 days 00:01:12.230489,relu,64,0,6,mse,0.000558594,0.212598573,0.000496601,512,,COMPLETE
70,0.996830922,46:26.5,48:36.8,0 days 00:02:10.336788,relu,32,0,6,mae,0.00050067,0.231698639,0.000112689,512,,COMPLETE
78,0.996888524,57:00.8,58:31.0,0 days 00:01:30.281479,relu,64,0.1,6,huber,0.000588425,0.262780882,0.000448194,512,,COMPLETE
23,0.99699173,34:01.0,35:16.2,0 days 00:01:15.172085,gelu,64,0.2,4,huber,0.000797728,0.320125244,2.95E-06,1024,,COMPLETE
326,0.997044808,47:53.4,48:42.9,0 days 00:00:49.433312,relu,64,0,2,huber,0.000502062,0.207395157,0.000452934,512,,COMPLETE
295,0.997090644,06:10.9,07:11.5,0 days 00:01:00.554501,relu,64,0,6,mse,0.000566196,0.204227795,0.000568024,512,,COMPLETE
259,0.997185189,12:55.8,13:45.7,0 days 00:00:49.860741,relu,64,0,5,mae,0.000551206,0.215320589,0.000450972,512,,COMPLETE
292,0.997634518,01:25.9,02:55.0,0 days 00:01:29.032679,relu,64,0.2,6,huber,0.000552196,0.319889983,0.000507421,1024,,COMPLETE
381,0.997655869,05:30.3,06:35.5,0 days 00:01:05.222574,relu,64,0.1,2,huber,0.000625616,0.212988598,0.000615448,512,,COMPLETE
268,0.997657782,26:59.4,28:06.7,0 days 00:01:07.237771,relu,64,0,6,mse,0.000500571,0.235834894,0.000438203,512,,COMPLETE
274,0.997900391,35:20.0,36:15.2,0 days 00:00:55.197637,relu,64,0,2,huber,0.000510672,0.210734845,0.000466627,512,,COMPLETE
237,0.997910672,44:53.2,46:00.0,0 days 00:01:06.807777,relu,64,0,6,huber,0.001320463,0.219287394,0.000809557,512,,COMPLETE
68,0.998057556,40:09.5,45:17.6,0 days 00:05:08.098995,relu,16,0,6,huber,0.000546246,0.244045202,0.000445978,512,,COMPLETE
58,0.998156577,27:26.9,28:47.7,0 days 00:01:20.812165,relu,64,0,5,mae,0.000820496,0.374362636,3.65E-05,128,,COMPLETE
40,0.99820439,05:16.4,06:05.0,0 days 00:00:48.588491,relu,64,0,3,huber,0.001773715,0.221021946,0.000293035,512,,COMPLETE
309,0.998373359,22:28.6,27:24.4,0 days 00:04:55.716600,relu,16,0,6,huber,0.000565582,0.218828297,0.000752169,512,,COMPLETE
352,0.998563707,23:03.4,28:02.2,0 days 00:04:58.819275,relu,16,0,6,huber,0.000720386,0.22325113,0.000486117,512,,COMPLETE
15,0.998638022,22:51.2,24:06.5,0 days 00:01:15.310731,gelu,64,0.2,4,huber,0.001050351,0.343496326,2.66E-06,1024,,COMPLETE
353,0.998954993,28:02.4,28:55.3,0 days 00:00:52.979188,relu,64,0,2,huber,0.000516587,0.236094662,0.000416504,512,,COMPLETE
44,0.999316716,08:39.6,09:20.2,0 days 00:00:40.580854,relu,64,0,4,huber,0.00065009,0.31136128,0.000188934,512,,COMPLETE
21,0.999399298,31:28.5,32:50.3,0 days 00:01:21.846260,gelu,64,0.2,4,huber,0.00108675,0.334471461,2.66E-06,1024,,COMPLETE
189,0.999418312,36:44.5,41:51.2,0 days 00:05:06.623448,relu,16,0,6,huber,0.000511246,0.203866507,0.000319033,512,,COMPLETE
418,0.999510366,55:47.6,00:35.1,0 days 00:04:47.482518,relu,16,0,5,huber,0.000530433,0.212657732,0.000472448,512,,COMPLETE
279,0.99957307,41:34.8,42:18.0,0 days 00:00:43.239747,relu,64,0,4,huber,0.000541065,0.210077847,0.000602386,1024,,COMPLETE
285,0.999810147,52:21.1,53:43.4,0 days 00:01:22.277413,relu,64,0,6,huber,0.000528127,0.217497896,0.000877609,128,,COMPLETE
343,0.999941927,11:42.4,13:38.9,0 days 00:01:56.504580,relu,64,0.2,6,huber,0.000742586,0.206258657,4.14E-05,512,,COMPLETE
407,1.000542617,41:56.9,42:56.5,0 days 00:00:59.589536,relu,64,0,6,mse,0.000553899,0.212299407,0.000351532,512,,COMPLETE
125,1.000656638,07:26.2,08:13.2,0 days 00:00:46.995897,relu,64,0,3,huber,0.000588146,0.228810504,0.000238844,512,,COMPLETE
282,1.000659424,45:04.7,50:06.4,0 days 00:05:01.618710,relu,16,0,6,huber,0.000529776,0.215725029,0.000439305,512,,COMPLETE
205,1.001050812,00:58.8,01:52.7,0 days 00:00:53.944784,relu,64,0,2,huber,0.000567935,0.209488738,0.000998164,512,,COMPLETE
409,1.001160705,44:29.3,45:51.9,0 days 00:01:22.613197,relu,64,0,6,huber,0.000512047,0.221324938,0.000820455,128,,COMPLETE
31,1.001704627,51:54.7,53:03.3,0 days 00:01:08.582840,gelu,64,0.2,4,huber,0.000994473,0.345702939,3.14E-06,1024,,COMPLETE
109,1.00170595,46:05.2,47:09.3,0 days 00:01:04.017199,relu,64,0,6,mse,0.00052915,0.200946332,0.000262317,512,,COMPLETE
483,1.002209482,27:02.3,27:47.4,0 days 00:00:45.080797,relu,64,0,3,huber,0.000547856,0.22890879,0.00027437,1024,,COMPLETE
351,1.002267653,21:07.5,23:03.3,0 days 00:01:55.713517,relu,64,0,6,huber,0.000535517,0.382904965,0.000582204,256,TRUE,COMPLETE
30,1.002466172,51:05.8,51:54.6,0 days 00:00:48.788419,gelu,64,0,4,huber,0.000593047,0.274867128,1.31E-05,1024,,COMPLETE
455,1.002772782,49:49.5,50:35.9,0 days 00:00:46.379501,relu,64,0,3,huber,0.000552579,0.285283265,0.00051852,512,,COMPLETE
26,1.003170997,39:49.2,41:09.9,0 days 00:01:20.763705,gelu,64,0.2,4,huber,0.000588803,0.314119941,3.70E-06,512,,COMPLETE
475,1.003575593,17:23.6,19:09.0,0 days 00:01:45.406995,gelu,32,0,5,huber,0.000604731,0.22091879,0.000490555,512,,COMPLETE
107,1.00358426,44:07.0,44:56.4,0 days 00:00:49.461562,relu,64,0,2,huber,0.000611084,0.207858073,0.000113404,512,,COMPLETE
52,1.003743345,19:26.0,20:09.9,0 days 00:00:43.846503,relu,64,0,4,huber,0.000753106,0.351717324,0.000654878,512,,COMPLETE
397,1.003957939,26:30.3,31:09.1,0 days 00:04:38.779101,relu,16,0,6,huber,0.000551116,0.225525368,0.000333209,512,,COMPLETE
262,1.004373741,19:06.7,20:28.3,0 days 00:01:21.525506,relu,64,0,6,huber,0.000580547,0.219358337,0.000763591,128,,COMPLETE
485,1.004473507,29:07.4,30:26.0,0 days 00:01:18.620250,relu,64,0,6,huber,0.000529206,0.210136229,0.000557841,128,,COMPLETE
448,1.004826224,40:07.2,40:56.2,0 days 00:00:49.034524,relu,64,0,6,huber,0.00198058,0.214365902,0.000858101,512,,COMPLETE
335,1.005003434,01:15.7,02:14.2,0 days 00:00:58.435666,gelu,64,0,4,huber,0.000877996,0.214977112,0.000417246,128,,COMPLETE
20,1.005084217,29:57.5,31:28.3,0 days 00:01:30.819391,gelu,64,0.3,4,huber,0.000937934,0.289279753,0.00041632,1024,,COMPLETE
348,1.005325691,17:58.2,18:46.7,0 days 00:00:48.497973,relu,64,0,3,huber,0.000500032,0.298833326,0.000654346,512,,COMPLETE
269,1.005623142,28:06.8,29:16.9,0 days 00:01:10.094209,relu,64,0.2,3,huber,0.000550343,0.223650275,0.000346576,512,,COMPLETE
54,1.006425226,20:56.3,22:29.7,0 days 00:01:33.325868,relu,64,0.3,4,huber,0.000810103,0.337981366,0.000338046,512,,COMPLETE
424,1.006425416,06:40.0,08:40.1,0 days 00:02:00.169212,relu,64,0,6,huber,0.000512641,0.387529174,0.000753146,256,TRUE,COMPLETE
385,1.006553113,10:22.8,13:01.7,0 days 00:02:38.846881,relu,32,0,6,huber,0.000517495,0.214366164,0.000497844,128,,COMPLETE
399,1.006665587,32:11.0,34:02.4,0 days 00:01:51.322420,relu,64,0,6,huber,0.000532956,0.214364779,0.000419726,256,TRUE,COMPLETE
22,1.007078212,32:50.5,34:00.9,0 days 00:01:10.398934,gelu,64,0.2,4,huber,0.001050997,0.362683492,5.57E-06,1024,,COMPLETE
238,1.007513372,46:00.2,47:12.1,0 days 00:01:11.922749,relu,64,0.2,3,huber,0.000544356,0.203439931,0.000514324,512,,COMPLETE
498,1.007690477,46:24.0,48:16.3,0 days 00:01:52.252828,relu,64,0,6,huber,0.000510818,0.218237805,0.000429724,256,TRUE,COMPLETE
275,1.008103025,36:15.3,37:47.3,0 days 00:01:31.984606,gelu,64,0,6,huber,0.000522588,0.204192846,0.000660833,256,TRUE,COMPLETE
392,1.00815872,19:43.5,21:30.4,0 days 00:01:46.922979,relu,64,0.2,6,huber,0.000530719,0.206589683,0.000388732,512,,COMPLETE
428,1.008423499,12:10.1,12:52.7,0 days 00:00:42.596468,relu,64,0,3,huber,0.00103178,0.303040997,0.000556068,512,,COMPLETE
459,1.008482075,54:19.0,55:13.1,0 days 00:00:54.104187,relu,64,0,2,huber,0.000544243,0.212343398,0.000522813,128,,COMPLETE
159,1.008531055,58:14.9,59:03.0,0 days 00:00:48.115512,gelu,64,0,3,huber,0.000561667,0.205791334,0.000757851,1024,,COMPLETE
300,1.008582377,12:00.3,12:48.4,0 days 00:00:48.123252,relu,64,0,2,huber,0.000599403,0.226371288,0.000757499,512,,COMPLETE
19,1.009108883,28:54.2,29:57.3,0 days 00:01:03.160931,gelu,64,0.2,4,huber,0.001556966,0.324582766,6.50E-05,1024,,COMPLETE
301,1.009206682,12:48.5,14:31.2,0 days 00:01:42.714274,relu,64,0,6,huber,0.000541468,0.218634989,0.000714904,256,TRUE,COMPLETE
218,1.009374577,19:01.6,20:29.6,0 days 00:01:28.057105,relu,64,0.1,6,mae,0.000502156,0.21991523,0.000827883,512,,COMPLETE
148,1.009396571,39:42.2,41:00.2,0 days 00:01:18.002745,relu,64,0,6,huber,0.000516115,0.212733931,0.000441515,128,,COMPLETE
369,1.009447908,48:34.0,50:29.2,0 days 00:01:55.176316,relu,64,0.2,6,huber,0.000536639,0.214152329,0.000774299,512,,COMPLETE
7,1.009643441,09:22.7,11:35.8,0 days 00:02:13.080472,relu,32,0.1,4,mae,0.000699165,0.379443152,1.90E-06,1024,,COMPLETE
416,1.009764862,53:15.4,54:06.1,0 days 00:00:50.675938,relu,64,0,6,huber,0.000500158,0.224098357,0.000619988,1024,,COMPLETE
167,1.009820437,07:37.5,08:20.9,0 days 00:00:43.389149,relu,64,0,2,huber,0.000516292,0.200143487,0.000641382,512,,COMPLETE
47,1.010226893,11:38.8,12:22.6,0 days 00:00:43.890628,relu,64,0,4,huber,0.000660012,0.313347103,0.000321891,512,,COMPLETE
441,1.011286294,28:03.4,32:43.9,0 days 00:04:40.449340,relu,16,0,6,huber,0.001721572,0.213987812,0.000513968,512,,COMPLETE
417,1.011406583,54:06.2,55:47.5,0 days 00:01:41.249071,relu,64,0.2,6,huber,0.000553892,0.204871038,0.000861907,512,,COMPLETE
227,1.011973548,29:52.5,31:21.9,0 days 00:01:29.359229,relu,64,0,6,mae,0.000568482,0.212904373,0.000473808,128,,COMPLETE
466,1.011990112,06:02.0,07:45.5,0 days 00:01:43.542587,relu,64,0.2,6,huber,0.001196699,0.337781653,0.000411814,512,,COMPLETE
38,1.011996686,59:45.9,04:11.9,0 days 00:04:25.998884,relu,16,0,6,huber,0.000731836,0.306178482,0.000981913,512,,COMPLETE
436,1.012068433,21:59.6,23:20.9,0 days 00:01:21.267130,relu,64,0,6,huber,0.000639024,0.294966319,0.000669705,128,,COMPLETE
449,1.012546039,40:56.3,42:52.9,0 days 00:01:56.584520,relu,64,0,6,huber,0.000521736,0.205812559,0.000455988,256,TRUE,COMPLETE
25,1.01298731,38:19.8,39:49.0,0 days 00:01:29.193849,gelu,64,0.2,6,huber,0.000772347,0.278169175,1.81E-05,1024,,COMPLETE
76,1.012998807,54:06.0,55:51.8,0 days 00:01:45.720011,relu,64,0,6,huber,0.000529888,0.239015032,0.000162791,256,TRUE,COMPLETE
119,1.013192338,00:10.8,01:34.7,0 days 00:01:23.942728,relu,64,0,6,huber,0.000565722,0.23105356,0.000134298,128,,COMPLETE
49,1.013539451,13:46.1,17:08.5,0 days 00:03:22.342844,relu,16,0,4,huber,0.000853277,0.361880974,0.000952355,512,,COMPLETE
491,1.013559866,37:40.8,39:29.4,0 days 00:01:48.621790,relu,64,0.2,6,huber,0.000510834,0.216315034,0.000371137,512,,COMPLETE
127,1.013823205,10:08.9,14:13.7,0 days 00:04:04.771200,relu,16,0,6,huber,0.000577368,0.235045533,0.000271301,512,,COMPLETE
474,1.014059454,15:46.6,17:23.5,0 days 00:01:36.880443,gelu,64,0,6,mse,0.000574674,0.216928051,0.000607878,256,TRUE,COMPLETE
197,1.014314137,50:46.4,51:59.2,0 days 00:01:12.829310,relu,64,0.2,3,huber,0.000560972,0.214385712,0.000673833,512,,COMPLETE
463,1.014355779,59:14.3,03:36.5,0 days 00:04:22.236672,relu,16,0,6,huber,0.000616867,0.208730163,0.000326345,512,,COMPLETE
14,1.014404172,21:57.7,22:51.1,0 days 00:00:53.346615,relu,64,0.1,4,mae,0.00083793,0.348230638,3.34E-05,1024,,COMPLETE
247,1.014524156,57:29.8,58:23.3,0 days 00:00:53.567742,relu,64,0,2,mse,0.000514954,0.218648783,0.000618112,512,,COMPLETE
90,1.014716063,17:26.4,18:28.3,0 days 00:01:01.885849,relu,64,0,3,huber,0.000551059,0.237147091,0.000112423,256,TRUE,COMPLETE
433,1.015005159,18:50.8,19:35.6,0 days 00:00:44.807033,relu,64,0,2,huber,0.000547246,0.324467807,0.000830522,512,,COMPLETE
329,1.015484852,51:05.2,54:55.6,0 days 00:03:50.423313,relu,16,0,5,huber,0.000542663,0.209743598,0.000370272,512,,COMPLETE
230,1.015623915,36:21.7,38:18.3,0 days 00:01:56.662258,relu,64,0.3,6,huber,0.001665223,0.213877061,0.000465713,512,,COMPLETE
325,1.016339278,46:07.2,47:53.3,0 days 00:01:46.080946,relu,64,0,6,huber,0.00053687,0.342352583,0.00031267,256,TRUE,COMPLETE
34,1.016710621,55:11.9,56:01.7,0 days 00:00:49.876855,gelu,64,0.2,4,huber,0.001812895,0.28253979,4.99E-06,1024,,COMPLETE
429,1.017613733,12:52.9,15:02.6,0 days 00:02:09.783897,relu,32,0,6,mse,0.000533502,0.346438479,0.000745955,1024,,COMPLETE
137,1.018256956,24:20.1,25:58.1,0 days 00:01:37.992183,relu,64,0,6,mse,0.000500646,0.220300961,0.000430997,256,TRUE,COMPLETE
408,1.01828596,42:56.6,44:29.2,0 days 00:01:32.549161,relu,32,0,2,huber,0.000534496,0.227739971,0.000625659,512,,COMPLETE
36,1.018666724,57:35.8,58:48.2,0 days 00:01:12.441578,gelu,64,0.2,3,mse,0.001161592,0.265676367,2.29E-06,1024,,COMPLETE
110,1.018697125,47:09.4,50:06.0,0 days 00:02:56.619162,relu,32,0,6,huber,0.000745587,0.219401091,0.000179599,256,TRUE,COMPLETE
251,1.018775266,02:34.6,04:19.7,0 days 00:01:45.071900,relu,64,0,6,huber,0.000515122,0.21160703,0.000596104,256,TRUE,COMPLETE
128,1.020219493,14:13.8,14:56.9,0 days 00:00:43.075476,relu,64,0,2,huber,0.000611791,0.238727809,0.000114101,512,,COMPLETE
451,1.020856857,44:06.7,45:03.1,0 days 00:00:56.438040,gelu,64,0,6,mse,0.000541892,0.200378303,0.000908906,512,,COMPLETE
260,1.022170538,13:45.8,17:47.8,0 days 00:04:01.996309,relu,16,0,6,huber,0.001134147,0.209238714,0.000308218,512,,COMPLETE
170,1.023738652,10:46.0,14:09.6,0 days 00:03:23.591276,relu,32,0,6,huber,0.000532465,0.206495468,0.00074179,256,TRUE,COMPLETE
440,1.023788756,26:49.0,28:03.3,0 days 00:01:14.305312,relu,64,0.3,4,huber,0.000528669,0.20030841,0.000385893,512,,COMPLETE
89,1.023907387,16:36.3,17:26.3,0 days 00:00:49.975507,relu,64,0,6,mse,0.000537169,0.214806829,0.000196711,512,,COMPLETE
314,1.024521124,32:24.3,34:11.2,0 days 00:01:46.895864,relu,64,0.3,5,huber,0.000578395,0.366895267,0.000862622,512,,COMPLETE
208,1.024960327,04:13.1,07:30.5,0 days 00:03:17.457020,relu,32,0,6,huber,0.000551109,0.20005379,4.30E-05,256,TRUE,COMPLETE
18,1.025075465,27:34.4,28:54.0,0 days 00:01:19.603625,gelu,64,0.2,5,huber,0.001275783,0.205007677,3.92E-06,256,,COMPLETE
59,1.025716752,28:47.9,30:24.5,0 days 00:01:36.682051,relu,64,0.3,5,huber,0.000866475,0.386370681,0.000767443,512,,COMPLETE
315,1.026460832,34:11.3,35:00.9,0 days 00:00:49.573366,gelu,64,0,5,mse,0.000543565,0.213749364,0.000883238,512,,COMPLETE
33,1.026896862,54:12.9,55:11.7,0 days 00:00:58.863696,gelu,64,0.2,3,mse,0.001169144,0.293887033,1.64E-06,1024,,COMPLETE
48,1.026910168,12:22.8,13:46.0,0 days 00:01:23.222549,relu,32,0,2,mae,0.000544841,0.28431834,0.000131678,512,,COMPLETE
35,1.028108221,56:01.9,57:35.6,0 days 00:01:33.756316,relu,64,0.3,4,huber,0.001347567,0.254903428,9.84E-06,256,,COMPLETE
24,1.028304958,35:16.3,38:19.7,0 days 00:03:03.360521,gelu,16,0,4,huber,0.000773044,0.320208265,1.48E-05,1024,,COMPLETE
4,1.028364128,01:40.0,03:27.8,0 days 00:01:47.735176,relu,32,0.2,2,huber,0.000647584,0.307868448,0.000476077,1024,,COMPLETE
229,1.029576117,32:38.5,36:21.5,0 days 00:03:43.069872,relu,16,0,6,huber,0.00054463,0.223452723,0.000346768,1024,,COMPLETE
5,1.029588113,03:27.9,05:13.1,0 days 00:01:45.159912,relu,32,0,3,mse,0.000708856,0.260175662,3.10E-05,512,,COMPLETE
10,1.030723196,16:13.6,17:51.2,0 days 00:01:37.552261,gelu,64,0.3,6,mae,0.000885764,0.39398509,1.08E-06,1024,,COMPLETE
126,1.031030309,08:13.4,10:08.8,0 days 00:01:55.422601,relu,64,0.3,6,huber,0.000509691,0.205052663,0.000194779,512,,COMPLETE
375,1.033240727,55:55.8,00:13.7,0 days 00:04:17.914956,relu,16,0,3,huber,0.000943496,0.215913678,0.000449981,256,TRUE,COMPLETE
27,1.033460647,41:10.1,42:48.7,0 days 00:01:38.605428,gelu,64,0.2,5,huber,0.00094573,0.358666652,6.88E-05,256,,COMPLETE
496,1.034280854,43:31.7,45:16.6,0 days 00:01:44.896118,relu,32,0,6,mse,0.00054135,0.206213539,0.000600838,1024,,COMPLETE
190,1.034927976,41:51.3,43:38.1,0 days 00:01:46.782334,gelu,64,0.3,6,huber,0.000501023,0.211403226,0.000571404,512,,COMPLETE
6,1.035558355,05:13.3,09:22.5,0 days 00:04:09.251915,relu,16,0.1,4,mae,0.00159174,0.237303702,9.17E-06,256,,COMPLETE
365,1.03588708,43:19.4,45:09.3,0 days 00:01:49.855135,relu,64,0.3,6,huber,0.000551533,0.204091865,0.000733031,512,,COMPLETE
11,1.03689484,17:51.3,19:19.8,0 days 00:01:28.525679,relu,32,0.2,2,huber,0.000830969,0.372482773,0.000761188,1024,,COMPLETE
486,1.038089597,30:26.2,32:40.2,0 days 00:02:14.037453,relu,16,0,2,huber,0.000731021,0.358758403,0.000669826,512,,COMPLETE
339,1.038673115,06:32.6,08:22.9,0 days 00:01:50.278555,relu,64,0.3,6,huber,0.000577971,0.208460872,0.000373119,512,,COMPLETE
45,1.040068245,09:20.3,10:40.4,0 days 00:01:20.037445,relu,32,0,2,mae,0.000566188,0.302793849,0.00023969,512,,COMPLETE
264,1.042131132,21:49.3,23:35.4,0 days 00:01:46.146408,relu,64,0.3,6,huber,0.000597428,0.233774521,0.000396117,512,,COMPLETE
39,1.042878556,04:12.0,05:16.3,0 days 00:01:04.217847,relu,64,0,5,mse,0.000647175,0.301547847,0.000407987,512,,COMPLETE
157,1.04389509,50:37.1,56:51.9,0 days 00:06:14.817274,relu,16,0.3,6,huber,0.000514072,0.20105085,0.000947366,1024,,COMPLETE
487,1.044037163,32:40.3,34:32.8,0 days 00:01:52.495284,relu,64,0.3,6,huber,0.000515194,0.279574763,1.22E-05,512,,COMPLETE
462,1.044524974,57:28.6,59:14.1,0 days 00:01:45.569843,relu,64,0.3,6,huber,0.000561104,0.21888362,0.000736754,512,,COMPLETE
9,1.045257646,12:45.2,16:13.4,0 days 00:03:28.250769,relu,32,0.1,5,huber,0.000517142,0.235422136,8.64E-05,128,,COMPLETE
50,1.045670843,17:08.6,18:35.0,0 days 00:01:26.435689,relu,64,0.1,4,mse,0.00062185,0.296499141,0.000137296,128,,COMPLETE
29,1.045950443,47:39.0,51:05.7,0 days 00:03:26.630455,gelu,16,0.2,4,mse,0.001460901,0.220745545,6.25E-06,512,,COMPLETE
28,1.047917759,42:48.8,47:38.9,0 days 00:04:50.092040,gelu,16,0.2,4,huber,0.001179411,0.326624376,1.79E-06,128,,COMPLETE
2,1.048123777,58:39.2,00:35.9,0 days 00:01:56.693924,relu,32,0.3,4,mse,0.001963971,0.239743136,0.000207364,512,,COMPLETE
413,1.04823516,49:22.9,51:06.3,0 days 00:01:43.414247,relu,64,0.3,6,huber,0.000537424,0.21565087,0.000519494,512,,COMPLETE
17,1.050263035,25:32.3,27:34.3,0 days 00:02:02.017153,gelu,64,0.2,6,huber,0.001357431,0.206374101,2.42E-05,128,,COMPLETE
1,1.050541106,57:11.0,58:39.0,0 days 00:01:28.000942,relu,32,0.1,3,mse,0.001252703,0.304013604,8.61E-06,256,,COMPLETE
289,1.052368051,57:18.6,59:01.0,0 days 00:01:42.342047,relu,64,0.3,6,huber,0.000572188,0.207836097,0.000336511,512,,COMPLETE
8,1.052639103,11:35.9,12:45.0,0 days 00:01:09.133500,relu,64,0.2,2,mae,0.000682329,0.247449817,0.000136942,128,,COMPLETE
12,1.053062695,19:20.0,20:35.5,0 days 00:01:15.539932,relu,32,0.1,2,mae,0.00052526,0.343725475,1.26E-06,1024,,COMPLETE
390,1.055434364,17:13.7,18:50.3,0 days 00:01:36.591911,relu,64,0.3,6,huber,0.000546443,0.208243725,8.46E-05,512,,COMPLETE
3,1.058443317,00:36.1,01:39.9,0 days 00:01:03.814085,gelu,32,0,3,huber,0.001088661,0.298759119,0.000205542,1024,,COMPLETE
0,1.063223801,53:02.5,57:10.9,0 days 00:04:08.401681,gelu,16,0.2,3,mse,0.000606672,0.273272369,7.52E-06,512,,COMPLETE
86,1.070330584,06:58.8,14:01.8,0 days 00:07:03.051930,relu,16,0.3,6,huber,0.000675438,0.242995873,5.24E-05,512,,COMPLETE
100,1.07267679,31:01.1,37:16.4,0 days 00:06:15.343553,relu,16,0.3,6,huber,0.000532,0.246203571,0.000278023,512,,COMPLETE