number,value,datetime_start,datetime_complete,duration,params_activation,params_batch_size,params_dropout,params_layers,params_loss,params_max_lr,params_pct_start,params_weight_decay,params_width,user_attrs_constraint_adjusted_dropout,state
0,1.0632238006591797,2025-10-13 18:53:02.473085,2025-10-13 18:57:10.874766,0 days 00:04:08.401681,gelu,16,0.2,3,mse,0.0006066716167545476,0.2732723686587384,7.523742884534855e-06,512,,COMPLETE
1,1.0505411064624786,2025-10-13 18:57:11.035122,2025-10-13 18:58:39.036064,0 days 00:01:28.000942,relu,32,0.1,3,mse,0.0012527031373763462,0.3040136042355622,8.61257919259488e-06,256,,COMPLETE
2,1.0481237769126892,2025-10-13 18:58:39.200308,2025-10-13 19:00:35.894232,0 days 00:01:56.693924,relu,32,0.3,4,mse,0.001963971335197028,0.2397431363068345,0.00020736445177905034,512,,COMPLETE
3,1.05844331741333,2025-10-13 19:00:36.057964,2025-10-13 19:01:39.872049,0 days 00:01:03.814085,gelu,32,0.0,3,huber,0.0010886607090370023,0.2987591192728782,0.00020554245520150764,1024,,COMPLETE
4,1.0283641278743745,2025-10-13 19:01:40.036352,2025-10-13 19:03:27.771528,0 days 00:01:47.735176,relu,32,0.2,2,huber,0.0006475843912188624,0.30786844838313016,0.00047607677518095016,1024,,COMPLETE
5,1.0295881128311157,2025-10-13 19:03:27.940183,2025-10-13 19:05:13.100095,0 days 00:01:45.159912,relu,32,0.0,3,mse,0.0007088560513301823,0.26017566196335395,3.10274095091284e-05,512,,COMPLETE
6,1.0355583548545837,2025-10-13 19:05:13.260989,2025-10-13 19:09:22.512904,0 days 00:04:09.251915,relu,16,0.1,4,mae,0.0015917403205814298,0.23730370207997087,9.169384722192327e-06,256,,COMPLETE
7,1.009643441438675,2025-10-13 19:09:22.672382,2025-10-13 19:11:35.752854,0 days 00:02:13.080472,relu,32,0.1,4,mae,0.000699164859916176,0.3794431515906654,1.902428324748959e-06,1024,,COMPLETE
8,1.052639102935791,2025-10-13 19:11:35.905384,2025-10-13 19:12:45.038884,0 days 00:01:09.133500,relu,64,0.2,2,mae,0.0006823286119485609,0.24744981749936001,0.00013694231460024357,128,,COMPLETE
9,1.0452576458454133,2025-10-13 19:12:45.193613,2025-10-13 19:16:13.444382,0 days 00:03:28.250769,relu,32,0.1,5,huber,0.0005171418382725168,0.2354221358814098,8.638073353835183e-05,128,,COMPLETE
10,1.0307231962680816,2025-10-13 19:16:13.598485,2025-10-13 19:17:51.150746,0 days 00:01:37.552261,gelu,64,0.3,6,mae,0.0008857637204571879,0.3939850901739813,1.0788457202107386e-06,1024,,COMPLETE
11,1.03689484000206,2025-10-13 19:17:51.300052,2025-10-13 19:19:19.825731,0 days 00:01:28.525679,relu,32,0.2,2,huber,0.0008309688828240165,0.3724827729758802,0.0007611882777505219,1024,,COMPLETE
12,1.0530626952648163,2025-10-13 19:19:19.969688,2025-10-13 19:20:35.509620,0 days 00:01:15.539932,relu,32,0.1,2,mae,0.0005252598601521462,0.3437254747782338,1.2611236054600694e-06,1024,,COMPLETE
13,0.9876329779624939,2025-10-13 19:20:35.653944,2025-10-13 19:21:57.593972,0 days 00:01:21.940028,relu,64,0.2,4,huber,0.0007752182100071809,0.3371009216257869,0.0007154639084621076,1024,,COMPLETE
14,1.0144041717052459,2025-10-13 19:21:57.731818,2025-10-13 19:22:51.078433,0 days 00:00:53.346615,relu,64,0.1,4,mae,0.0008379304549063732,0.34823063823598954,3.3416769375377494e-05,1024,,COMPLETE
15,0.9986380219459534,2025-10-13 19:22:51.218137,2025-10-13 19:24:06.528868,0 days 00:01:15.310731,gelu,64,0.2,4,huber,0.0010503514658017283,0.3434963263968158,2.6592105491091287e-06,1024,,COMPLETE
16,0.9885764837265014,2025-10-13 19:24:06.667292,2025-10-13 19:25:32.114677,0 days 00:01:25.447385,gelu,64,0.2,4,huber,0.0012434001074455156,0.20263584287618475,4.069347558810573e-06,1024,,COMPLETE
17,1.0502630352973938,2025-10-13 19:25:32.254105,2025-10-13 19:27:34.271258,0 days 00:02:02.017153,gelu,64,0.2,6,huber,0.0013574312155578637,0.2063741007051977,2.4182346155693563e-05,128,,COMPLETE
18,1.0250754654407501,2025-10-13 19:27:34.410937,2025-10-13 19:28:54.014562,0 days 00:01:19.603625,gelu,64,0.2,5,huber,0.0012757827332174564,0.20500767663099764,3.921790762200597e-06,256,,COMPLETE
19,1.0091088831424713,2025-10-13 19:28:54.153882,2025-10-13 19:29:57.314813,0 days 00:01:03.160931,gelu,64,0.2,4,huber,0.0015569664686957247,0.3245827656139045,6.499503178936985e-05,1024,,COMPLETE
20,1.005084216594696,2025-10-13 19:29:57.481562,2025-10-13 19:31:28.300953,0 days 00:01:30.819391,gelu,64,0.3,4,huber,0.0009379340911296893,0.28927975256403426,0.0004163200102419326,1024,,COMPLETE
21,0.9993992984294892,2025-10-13 19:31:28.471870,2025-10-13 19:32:50.318130,0 days 00:01:21.846260,gelu,64,0.2,4,huber,0.0010867497473221314,0.3344714610941543,2.6643362350685795e-06,1024,,COMPLETE
22,1.0070782124996185,2025-10-13 19:32:50.489639,2025-10-13 19:34:00.888573,0 days 00:01:10.398934,gelu,64,0.2,4,huber,0.0010509974666011324,0.36268349151179813,5.568894835301293e-06,1024,,COMPLETE
23,0.9969917297363281,2025-10-13 19:34:01.022508,2025-10-13 19:35:16.194593,0 days 00:01:15.172085,gelu,64,0.2,4,huber,0.0007977279142309517,0.3201252440762975,2.954768981343286e-06,1024,,COMPLETE
24,1.0283049583435058,2025-10-13 19:35:16.330826,2025-10-13 19:38:19.691347,0 days 00:03:03.360521,gelu,16,0.0,4,huber,0.0007730435612455891,0.32020826465431157,1.4783488062885283e-05,1024,,COMPLETE
25,1.01298730969429,2025-10-13 19:38:19.824953,2025-10-13 19:39:49.018802,0 days 00:01:29.193849,gelu,64,0.2,6,huber,0.0007723471739186052,0.27816917464057217,1.814170727733093e-05,1024,,COMPLETE
26,1.0031709969043732,2025-10-13 19:39:49.152629,2025-10-13 19:41:09.916334,0 days 00:01:20.763705,gelu,64,0.2,4,huber,0.0005888029307857242,0.31411994130060084,3.6958292246395696e-06,512,,COMPLETE
27,1.033460646867752,2025-10-13 19:41:10.052467,2025-10-13 19:42:48.657895,0 days 00:01:38.605428,gelu,64,0.2,5,huber,0.0009457303772005651,0.3586666521497245,6.87854790509501e-05,256,,COMPLETE
28,1.0479177594184876,2025-10-13 19:42:48.797691,2025-10-13 19:47:38.889731,0 days 00:04:50.092040,gelu,16,0.2,4,huber,0.001179410577272828,0.3266243759802245,1.7906040477761657e-06,128,,COMPLETE
29,1.0459504425525665,2025-10-13 19:47:39.025970,2025-10-13 19:51:05.656425,0 days 00:03:26.630455,gelu,16,0.2,4,mse,0.0014609007885424095,0.22074554530908597,6.24543393232003e-06,512,,COMPLETE
30,1.0024661719799042,2025-10-13 19:51:05.790722,2025-10-13 19:51:54.579141,0 days 00:00:48.788419,gelu,64,0.0,4,huber,0.0005930471368913773,0.27486712759334536,1.305722927132681e-05,1024,,COMPLETE
31,1.0017046272754668,2025-10-13 19:51:54.702313,2025-10-13 19:53:03.285153,0 days 00:01:08.582840,gelu,64,0.2,4,huber,0.0009944729396933354,0.34570293857821527,3.1421190020135064e-06,1024,,COMPLETE
32,0.9929247915744781,2025-10-13 19:53:03.418616,2025-10-13 19:54:12.740645,0 days 00:01:09.322029,gelu,64,0.2,4,huber,0.0011995945922902453,0.2932371735140828,1.922174296598995e-06,1024,,COMPLETE
33,1.0268968617916108,2025-10-13 19:54:12.872850,2025-10-13 19:55:11.736546,0 days 00:00:58.863696,gelu,64,0.2,3,mse,0.0011691438584418097,0.29388703284403805,1.6388569885354357e-06,1024,,COMPLETE
34,1.0167106211185455,2025-10-13 19:55:11.870322,2025-10-13 19:56:01.747177,0 days 00:00:49.876855,gelu,64,0.2,4,huber,0.0018128952733741097,0.28253979041944755,4.988277999210431e-06,1024,,COMPLETE
35,1.0281082212924957,2025-10-13 19:56:01.881596,2025-10-13 19:57:35.637912,0 days 00:01:33.756316,relu,64,0.3,4,huber,0.0013475672663407832,0.2549034278337142,9.839129376695128e-06,256,,COMPLETE
36,1.0186667239665985,2025-10-13 19:57:35.770680,2025-10-13 19:58:48.212258,0 days 00:01:12.441578,gelu,64,0.2,3,mse,0.0011615922666433774,0.26567636655187377,2.2897429439576558e-06,1024,,COMPLETE
37,0.9724176943302154,2025-10-13 19:58:48.347157,2025-10-13 19:59:45.778449,0 days 00:00:57.431292,relu,64,0.0,4,huber,0.000758966879769028,0.30487264304288036,0.0003395649082264482,512,,COMPLETE
38,1.0119966864585876,2025-10-13 19:59:45.913800,2025-10-13 20:04:11.912684,0 days 00:04:25.998884,relu,16,0.0,6,huber,0.0007318363820931217,0.3061784821783812,0.0009819131469058539,512,,COMPLETE
39,1.042878556251526,2025-10-13 20:04:12.047430,2025-10-13 20:05:16.265277,0 days 00:01:04.217847,relu,64,0.0,5,mse,0.0006471747455773078,0.3015478470234753,0.00040798744952226214,512,,COMPLETE
40,0.9982043898105621,2025-10-13 20:05:16.399134,2025-10-13 20:06:04.987625,0 days 00:00:48.588491,relu,64,0.0,3,huber,0.0017737146822930055,0.22102194631748903,0.0002930353396841329,512,,COMPLETE
41,0.9788989245891571,2025-10-13 20:06:05.110979,2025-10-13 20:06:58.894506,0 days 00:00:53.783527,relu,64,0.0,4,huber,0.0007838362421285399,0.3125106926352698,0.0006811695783807612,512,,COMPLETE
42,0.9961130619049072,2025-10-13 20:06:59.029075,2025-10-13 20:07:47.903513,0 days 00:00:48.874438,relu,64,0.0,4,huber,0.000891526756399976,0.3324936572414869,0.0006226605708946832,512,,COMPLETE
43,0.9835604369640351,2025-10-13 20:07:48.026822,2025-10-13 20:08:39.499122,0 days 00:00:51.472300,relu,64,0.0,4,huber,0.000642609898114935,0.30866888664272907,0.00025961168222806455,512,,COMPLETE
44,0.9993167161941529,2025-10-13 20:08:39.632951,2025-10-13 20:09:20.213805,0 days 00:00:40.580854,relu,64,0.0,4,huber,0.0006500895862318444,0.31136127956276877,0.00018893367348521152,512,,COMPLETE
45,1.0400682449340821,2025-10-13 20:09:20.344651,2025-10-13 20:10:40.382096,0 days 00:01:20.037445,relu,32,0.0,2,mae,0.0005661883227889901,0.3027938490805032,0.00023969027883138016,512,,COMPLETE
46,0.9893261671066285,2025-10-13 20:10:40.515880,2025-10-13 20:11:38.627006,0 days 00:00:58.111126,relu,64,0.0,4,huber,0.0007197533611704609,0.3357262061119084,0.0005884927425063935,512,,COMPLETE
47,1.0102268934249878,2025-10-13 20:11:38.754337,2025-10-13 20:12:22.644965,0 days 00:00:43.890628,relu,64,0.0,4,huber,0.0006600115332789178,0.3133471031078438,0.00032189120735571917,512,,COMPLETE
48,1.0269101679325103,2025-10-13 20:12:22.779360,2025-10-13 20:13:46.001909,0 days 00:01:23.222549,relu,32,0.0,2,mae,0.0005448409729567902,0.2843183402705434,0.00013167813565508245,512,,COMPLETE
49,1.0135394513607026,2025-10-13 20:13:46.136147,2025-10-13 20:17:08.478991,0 days 00:03:22.342844,relu,16,0.0,4,huber,0.0008532770719881241,0.36188097351284576,0.0009523549446127132,512,,COMPLETE
50,1.0456708431243897,2025-10-13 20:17:08.613368,2025-10-13 20:18:35.049057,0 days 00:01:26.435689,relu,64,0.1,4,mse,0.0006218500226130855,0.2964991413352642,0.00013729595763116833,128,,COMPLETE
51,0.9940274477005004,2025-10-13 20:18:35.182838,2025-10-13 20:19:25.911130,0 days 00:00:50.728292,relu,64,0.0,4,huber,0.0007118936738105134,0.33660920843992326,0.0005207691271865994,512,,COMPLETE
52,1.0037433445453643,2025-10-13 20:19:26.034450,2025-10-13 20:20:09.880953,0 days 00:00:43.846503,relu,64,0.0,4,huber,0.0007531063390692071,0.3517173243198661,0.0006548784379716226,512,,COMPLETE
53,0.9907042920589447,2025-10-13 20:20:10.014393,2025-10-13 20:20:56.218820,0 days 00:00:46.204427,relu,64,0.0,4,huber,0.0006939366324298652,0.32994072431870797,0.00048626697341909474,512,,COMPLETE
54,1.0064252257347106,2025-10-13 20:20:56.347999,2025-10-13 20:22:29.673867,0 days 00:01:33.325868,relu,64,0.3,4,huber,0.0008101027431053408,0.3379813655697874,0.0003380464212906993,512,,COMPLETE
55,0.9820554912090301,2025-10-13 20:22:29.807775,2025-10-13 20:23:27.890956,0 days 00:00:58.083181,relu,64,0.0,5,huber,0.0009060054163307944,0.3988195813309334,0.0007137180602781733,512,,COMPLETE
56,0.9913173377513885,2025-10-13 20:23:28.024410,2025-10-13 20:25:04.041080,0 days 00:01:36.016670,relu,64,0.0,5,huber,0.0009009025600404113,0.3885471995490193,0.0007875778016233285,256,True,COMPLETE
57,0.9965651452541351,2025-10-13 20:25:04.175388,2025-10-13 20:27:26.781115,0 days 00:02:22.605727,relu,32,0.1,5,huber,0.0009647769624210071,0.3988031430977408,0.00017373132981662718,512,,COMPLETE
58,0.9981565773487091,2025-10-13 20:27:26.914585,2025-10-13 20:28:47.726750,0 days 00:01:20.812165,relu,64,0.0,5,mae,0.0008204963058815138,0.3743626358583201,3.650167363783448e-05,128,,COMPLETE
59,1.0257167518138885,2025-10-13 20:28:47.859278,2025-10-13 20:30:24.541329,0 days 00:01:36.682051,relu,64,0.3,5,huber,0.0008664754619221746,0.38637068110452194,0.0007674431741040117,512,,COMPLETE
60,0.9786679923534394,2025-10-13 20:30:24.675937,2025-10-13 20:31:34.187689,0 days 00:01:09.511752,relu,64,0.0,6,huber,0.0005011844580043831,0.26878134583020097,0.00043139721783228956,512,,COMPLETE
61,0.9858776092529297,2025-10-13 20:31:34.317722,2025-10-13 20:32:37.393039,0 days 00:01:03.075317,relu,64,0.0,6,huber,0.0005174947026822222,0.26864400845992176,0.0002693388711840435,512,,COMPLETE
62,0.9772130370140075,2025-10-13 20:32:37.520085,2025-10-13 20:33:54.088305,0 days 00:01:16.568220,relu,64,0.0,6,huber,0.0005130135780939852,0.28816748272957643,0.0002492138861738017,512,,COMPLETE
63,0.990353399515152,2025-10-13 20:33:54.223044,2025-10-13 20:35:03.885454,0 days 00:01:09.662410,relu,64,0.0,6,huber,0.0005092989435802452,0.26604282960871084,0.00024159836950053335,512,,COMPLETE
64,0.9724566519260407,2025-10-13 20:35:04.019462,2025-10-13 20:36:23.834295,0 days 00:01:19.814833,relu,64,0.0,6,huber,0.0005397596654862718,0.24521305900908102,0.00037577395375223423,512,,COMPLETE
65,0.9698219776153565,2025-10-13 20:36:23.967705,2025-10-13 20:37:44.270485,0 days 00:01:20.302780,relu,64,0.0,6,huber,0.0005488651505524706,0.2586431330419797,0.0004300775467066672,512,,COMPLETE
66,0.9727983772754669,2025-10-13 20:37:44.404986,2025-10-13 20:39:02.152353,0 days 00:01:17.747367,relu,64,0.0,6,huber,0.0005587023759191635,0.24183076845738327,0.0003884097295471158,512,,COMPLETE
67,0.9781607210636138,2025-10-13 20:39:02.286282,2025-10-13 20:40:09.326604,0 days 00:01:07.040322,relu,64,0.0,6,huber,0.0005708079936141428,0.24892639673247127,0.0004083267037418984,512,,COMPLETE
68,0.9980575561523437,2025-10-13 20:40:09.457458,2025-10-13 20:45:17.556453,0 days 00:05:08.098995,relu,16,0.0,6,huber,0.0005462463215535741,0.24404520163665794,0.0004459782339580489,512,,COMPLETE
69,0.9807072222232819,2025-10-13 20:45:17.690653,2025-10-13 20:46:26.379511,0 days 00:01:08.688858,relu,64,0.0,6,huber,0.0005677042792932191,0.25285351265651085,0.00036870742121936556,512,,COMPLETE
70,0.9968309223651886,2025-10-13 20:46:26.512688,2025-10-13 20:48:36.849476,0 days 00:02:10.336788,relu,32,0.0,6,mae,0.0005006697736440274,0.23169863899240975,0.00011268905794311982,512,,COMPLETE
71,0.9841509342193604,2025-10-13 20:48:36.983352,2025-10-13 20:49:42.137513,0 days 00:01:05.154161,relu,64,0.0,6,huber,0.0005333555686058933,0.25713548525094004,0.0005400509399399005,512,,COMPLETE
72,0.979515665769577,2025-10-13 20:49:42.271694,2025-10-13 20:50:51.317540,0 days 00:01:09.045846,relu,64,0.0,6,huber,0.0006115682909528176,0.24897130234035816,0.0003841772650355611,512,,COMPLETE
73,0.9705433487892151,2025-10-13 20:50:51.452061,2025-10-13 20:51:57.044455,0 days 00:01:05.592394,relu,64,0.0,6,huber,0.0005628797463570419,0.2350008380586678,0.00021781850895373917,512,,COMPLETE
74,0.9819914340972901,2025-10-13 20:51:57.173527,2025-10-13 20:53:08.369394,0 days 00:01:11.195867,relu,64,0.0,6,huber,0.0005848912820562551,0.23333474008465754,0.0001987616149426304,512,,COMPLETE
75,0.9901820719242096,2025-10-13 20:53:08.502673,2025-10-13 20:54:05.923080,0 days 00:00:57.420407,relu,64,0.0,6,huber,0.0005621649173494612,0.22534886123000109,0.0003284875832025482,512,,COMPLETE
76,1.0129988074302674,2025-10-13 20:54:06.045546,2025-10-13 20:55:51.765557,0 days 00:01:45.720011,relu,64,0.0,6,huber,0.0005298882217985394,0.23901503216668232,0.00016279054069122184,256,True,COMPLETE
77,0.9807725489139557,2025-10-13 20:55:51.904731,2025-10-13 20:57:00.630389,0 days 00:01:08.725658,relu,64,0.0,6,mse,0.0005484382948839457,0.2107027024349205,0.0001012767572935986,512,,COMPLETE
78,0.9968885242938995,2025-10-13 20:57:00.763493,2025-10-13 20:58:31.044972,0 days 00:01:30.281479,relu,64,0.1,6,huber,0.0005884247061325765,0.2627808824061388,0.00044819421382282404,512,,COMPLETE
79,0.9709505677223206,2025-10-13 20:58:31.178191,2025-10-13 20:59:49.792247,0 days 00:01:18.614056,relu,64,0.0,6,huber,0.000623316576150192,0.24264062758764574,0.00021110048507722213,512,,COMPLETE
80,0.9886167228221894,2025-10-13 20:59:49.926257,2025-10-13 21:01:08.882749,0 days 00:01:18.956492,relu,64,0.0,6,huber,0.0006191821531158471,0.24402171371680606,7.859747676382489e-05,128,,COMPLETE
81,0.9859775304794312,2025-10-13 21:01:09.015512,2025-10-13 21:02:12.726516,0 days 00:01:03.711004,relu,64,0.0,6,huber,0.0005220640996805302,0.22899870330370203,0.00021887294461851847,512,,COMPLETE
82,0.9840574383735656,2025-10-13 21:02:12.860829,2025-10-13 21:03:17.219549,0 days 00:01:04.358720,relu,64,0.0,6,huber,0.0005012870676867653,0.2701011318981988,0.0002927707854631872,512,,COMPLETE
83,0.9758973360061646,2025-10-13 21:03:17.346782,2025-10-13 21:04:37.500642,0 days 00:01:20.153860,relu,64,0.0,6,huber,0.0005710269372393936,0.26025408815749984,0.00037173011812467694,512,,COMPLETE
84,0.9770266890525818,2025-10-13 21:04:37.635537,2025-10-13 21:05:49.001192,0 days 00:01:11.365655,relu,64,0.0,6,huber,0.0005814479710246459,0.2506716228058687,0.00015172421199551812,512,,COMPLETE
85,0.977323853969574,2025-10-13 21:05:49.135583,2025-10-13 21:06:58.619235,0 days 00:01:09.483652,relu,64,0.0,6,huber,0.0006005357103718536,0.2598160198590557,0.00012988112968845283,512,,COMPLETE
86,1.0703305840492248,2025-10-13 21:06:58.751822,2025-10-13 21:14:01.803752,0 days 00:07:03.051930,relu,16,0.3,6,huber,0.0006754377415571422,0.2429958734535762,5.2385033093942314e-05,512,,COMPLETE
87,0.9723122298717499,2025-10-13 21:14:01.936496,2025-10-13 21:15:15.751218,0 days 00:01:13.814722,relu,64,0.0,6,huber,0.0005456752809616289,0.23873413780842925,0.00016233720480850374,512,,COMPLETE
88,0.9727437198162079,2025-10-13 21:15:15.883796,2025-10-13 21:16:36.210873,0 days 00:01:20.327077,relu,64,0.0,6,huber,0.0005507800595632072,0.21664584083306837,0.0001544580100009447,512,,COMPLETE
89,1.0239073872566222,2025-10-13 21:16:36.343777,2025-10-13 21:17:26.319284,0 days 00:00:49.975507,relu,64,0.0,6,mse,0.0005371694999208159,0.21480682929220607,0.00019671090637113877,512,,COMPLETE
90,1.0147160625457763,2025-10-13 21:17:26.440702,2025-10-13 21:18:28.326551,0 days 00:01:01.885849,relu,64,0.0,3,huber,0.0005510589485639055,0.23714709100459688,0.00011242295658563351,256,True,COMPLETE
91,0.9859586000442505,2025-10-13 21:18:28.458623,2025-10-13 21:19:43.692164,0 days 00:01:15.233541,relu,64,0.0,6,huber,0.0006305343723305515,0.2259187935995665,0.0003037334663459894,512,,COMPLETE
92,0.9953530132770538,2025-10-13 21:19:43.825741,2025-10-13 21:20:49.755243,0 days 00:01:05.929502,relu,64,0.0,6,huber,0.00057545180404033,0.25220629109777626,0.00015862803967182806,512,,COMPLETE
93,0.9810246646404266,2025-10-13 21:20:49.890011,2025-10-13 21:21:53.027425,0 days 00:01:03.137414,relu,64,0.0,6,huber,0.0006036958413466535,0.2220824176817618,0.00014882284750022178,512,,COMPLETE
94,0.9962350249290466,2025-10-13 21:21:53.156794,2025-10-13 21:22:50.243696,0 days 00:00:57.086902,relu,64,0.0,2,huber,0.0005620210149572747,0.2158047389650242,0.00021768779362222682,512,,COMPLETE
95,0.9773921012878418,2025-10-13 21:22:50.376541,2025-10-13 21:25:14.150693,0 days 00:02:23.774152,relu,32,0.0,6,huber,0.0006720117333388203,0.24234267250095043,9.259410333878565e-05,512,,COMPLETE
96,0.9889155745506286,2025-10-13 21:25:14.285530,2025-10-13 21:27:00.756333,0 days 00:01:46.470803,relu,64,0.1,6,mae,0.0005861167423326469,0.23228294563486898,5.675628446536177e-05,512,,COMPLETE
97,0.9648885369300843,2025-10-13 21:27:00.891016,2025-10-13 21:28:21.045249,0 days 00:01:20.154233,relu,64,0.0,6,huber,0.0006276066907934382,0.23731512727654472,0.00035066882665254237,512,,COMPLETE
98,0.9887199878692627,2025-10-13 21:28:21.177734,2025-10-13 21:29:49.763082,0 days 00:01:28.585348,relu,64,0.0,6,huber,0.00062583840236318,0.23580997826149752,0.00035616321338548116,128,,COMPLETE
99,0.9824996292591095,2025-10-13 21:29:49.895498,2025-10-13 21:31:00.926495,0 days 00:01:11.030997,relu,64,0.0,6,huber,0.0006030935075058302,0.2760199059123377,0.000551613830454747,512,,COMPLETE
100,1.0726767897605896,2025-10-13 21:31:01.059880,2025-10-13 21:37:16.403433,0 days 00:06:15.343553,relu,16,0.3,6,huber,0.0005319998629674952,0.24620357077431948,0.00027802298135849696,512,,COMPLETE
101,0.959055918455124,2025-10-13 21:37:16.538292,2025-10-13 21:38:40.252095,0 days 00:01:23.713803,relu,64,0.0,6,huber,0.0005529134203203001,0.20160557320267264,0.00017584631779335807,512,,COMPLETE
102,0.9691314280033112,2025-10-13 21:38:40.382120,2025-10-13 21:39:48.917275,0 days 00:01:08.535155,relu,64,0.0,6,huber,0.0005566609656482657,0.2016171299908245,0.0001792560031353501,512,,COMPLETE
103,0.9723059296607971,2025-10-13 21:39:49.052551,2025-10-13 21:41:03.047724,0 days 00:01:13.995173,relu,64,0.0,6,huber,0.0005580189930827277,0.2031791961759272,0.00022618214906203172,512,,COMPLETE
104,0.9742799162864685,2025-10-13 21:41:03.174779,2025-10-13 21:42:08.758781,0 days 00:01:05.584002,relu,64,0.0,6,huber,0.0005421681962787129,0.20156534545939492,0.00018036906157164274,512,,COMPLETE
105,0.9901075756549835,2025-10-13 21:42:08.893499,2025-10-13 21:43:02.626147,0 days 00:00:53.732648,relu,64,0.0,3,huber,0.0005182904273185977,0.20592831845057602,0.0002112653222678226,512,,COMPLETE
106,0.9822433233261109,2025-10-13 21:43:02.760929,2025-10-13 21:44:06.839831,0 days 00:01:04.078902,relu,64,0.0,6,huber,0.0006459465618759012,0.21313804515067256,0.00022906010153159306,512,,COMPLETE
107,1.0035842597484588,2025-10-13 21:44:06.974556,2025-10-13 21:44:56.436118,0 days 00:00:49.461562,relu,64,0.0,2,huber,0.0006110838273137399,0.20785807278847845,0.00011340426797300173,512,,COMPLETE
108,0.9726424634456634,2025-10-13 21:44:56.570214,2025-10-13 21:46:05.110760,0 days 00:01:08.540546,relu,64,0.0,6,huber,0.0005542175973091627,0.21751417469789924,0.00018377276301072962,512,,COMPLETE
109,1.001705950498581,2025-10-13 21:46:05.244394,2025-10-13 21:47:09.261593,0 days 00:01:04.017199,relu,64,0.0,6,mse,0.0005291500660953001,0.20094633240843762,0.00026231705585419966,512,,COMPLETE
110,1.0186971247196197,2025-10-13 21:47:09.392112,2025-10-13 21:50:06.011274,0 days 00:02:56.619162,relu,32,0.0,6,huber,0.0007455866285793264,0.21940109072115865,0.00017959881387461998,256,True,COMPLETE
111,0.9747734785079956,2025-10-13 21:50:06.146483,2025-10-13 21:51:16.653443,0 days 00:01:10.506960,relu,64,0.0,6,huber,0.0005532221314584597,0.20513521702162224,0.00012864784553899826,512,,COMPLETE
112,0.9771094858646393,2025-10-13 21:51:16.788466,2025-10-13 21:52:26.907606,0 days 00:01:10.119140,relu,64,0.0,6,huber,0.0005943496602996563,0.211137897597963,0.00024474587059915656,512,,COMPLETE
113,0.9774091958999633,2025-10-13 21:52:27.036777,2025-10-13 21:53:40.219608,0 days 00:01:13.182831,relu,64,0.0,6,huber,0.0006321073852656134,0.22747452452054548,0.00032465828518212246,512,,COMPLETE
114,0.9675531804561615,2025-10-13 21:53:40.346599,2025-10-13 21:55:01.164657,0 days 00:01:20.818058,relu,64,0.0,6,huber,0.0005551871675935892,0.21732765988499522,0.00014435951206490165,512,,COMPLETE
115,0.9782846808433533,2025-10-13 21:55:01.303322,2025-10-13 21:56:13.636429,0 days 00:01:12.333107,relu,64,0.0,6,huber,0.0005773523538433896,0.22280231912016943,0.00018159072813225146,512,,COMPLETE
116,0.9737120926380157,2025-10-13 21:56:13.771084,2025-10-13 21:57:33.063502,0 days 00:01:19.292418,relu,64,0.0,6,mae,0.0005178552619736533,0.2001773731123394,0.0002828353658573968,512,,COMPLETE
117,0.991801279783249,2025-10-13 21:57:33.186284,2025-10-13 21:58:53.965274,0 days 00:01:20.778990,relu,64,0.1,6,huber,0.0005386926436258474,0.21031202200358587,0.00048791253467744946,512,,COMPLETE
118,0.9786984503269196,2025-10-13 21:58:54.099767,2025-10-13 22:00:10.659993,0 days 00:01:16.560226,relu,64,0.0,6,huber,0.0006899247076834895,0.21844686954175235,0.00020825181840165573,512,,COMPLETE
119,1.0131923377513885,2025-10-13 22:00:10.795166,2025-10-13 22:01:34.737894,0 days 00:01:23.942728,relu,64,0.0,6,huber,0.0005657218710931227,0.23105356010609776,0.00013429784441427805,128,,COMPLETE
120,0.9839698791503906,2025-10-13 22:01:34.872595,2025-10-13 22:02:52.311864,0 days 00:01:17.439269,relu,64,0.0,6,huber,0.0006603515429738785,0.20793313669609054,8.227959979080737e-05,512,,COMPLETE
121,0.9755527973175049,2025-10-13 22:02:52.439914,2025-10-13 22:04:00.214459,0 days 00:01:07.774545,relu,64,0.0,6,huber,0.0005546331880442197,0.21582657772726663,0.00016298587399658033,512,,COMPLETE
122,0.9799225509166718,2025-10-13 22:04:00.350235,2025-10-13 22:05:09.296138,0 days 00:01:08.945903,relu,64,0.0,6,huber,0.0005441691300427923,0.2380063520560286,0.000145516273447127,512,,COMPLETE
123,0.9706178069114685,2025-10-13 22:05:09.432228,2025-10-13 22:06:25.440243,0 days 00:01:16.008015,relu,64,0.0,6,huber,0.0005226232336574997,0.21803952765591153,0.00023776998624912174,512,,COMPLETE
124,0.9774251818656922,2025-10-13 22:06:25.575133,2025-10-13 22:07:26.108556,0 days 00:01:00.533423,relu,64,0.0,6,huber,0.00052494510938633,0.22389034910636066,0.00031780189020820873,512,,COMPLETE
125,1.0006566381454467,2025-10-13 22:07:26.244070,2025-10-13 22:08:13.239967,0 days 00:00:46.995897,relu,64,0.0,3,huber,0.0005881456678257424,0.22881050426846344,0.0002388441885162246,512,,COMPLETE
126,1.0310303092002868,2025-10-13 22:08:13.363523,2025-10-13 22:10:08.786124,0 days 00:01:55.422601,relu,64,0.3,6,huber,0.0005096911298436853,0.2050526631230926,0.00019477925310484864,512,,COMPLETE
127,1.0138232052326202,2025-10-13 22:10:08.921380,2025-10-13 22:14:13.692580,0 days 00:04:04.771200,relu,16,0.0,6,huber,0.0005773676952185949,0.23504553285769708,0.00027130109010062715,512,,COMPLETE
128,1.0202194929122925,2025-10-13 22:14:13.827481,2025-10-13 22:14:56.902957,0 days 00:00:43.075476,relu,64,0.0,2,huber,0.0006117906792149859,0.23872780930821325,0.0001141007743886646,512,,COMPLETE
129,0.9663030624389648,2025-10-13 22:14:57.038073,2025-10-13 22:16:18.706064,0 days 00:01:21.667991,relu,64,0.0,6,huber,0.0005326030781582175,0.2133534100853512,0.0004361139195688705,512,,COMPLETE
130,0.9707241356372833,2025-10-13 22:16:18.835845,2025-10-13 22:17:33.052960,0 days 00:01:14.217115,relu,64,0.0,6,huber,0.0005000509887026587,0.21172613109549457,0.00045433214900328296,512,,COMPLETE
131,0.9671377718448639,2025-10-13 22:17:33.185739,2025-10-13 22:18:55.868215,0 days 00:01:22.682476,relu,64,0.0,6,huber,0.0005105982031322818,0.21102345761778715,0.00047287774753099204,512,,COMPLETE
132,0.9665730237960816,2025-10-13 22:18:55.996650,2025-10-13 22:20:01.608234,0 days 00:01:05.611584,relu,64,0.0,6,huber,0.0005109925161401464,0.2108405406118012,0.0004678816975195862,512,,COMPLETE
133,0.975685203075409,2025-10-13 22:20:01.743623,2025-10-13 22:21:14.018729,0 days 00:01:12.275106,relu,64,0.0,6,huber,0.0005005416254814029,0.21125298439409762,0.0008405276450844285,512,,COMPLETE
134,0.9917551517486572,2025-10-13 22:21:14.154680,2025-10-13 22:22:09.961545,0 days 00:00:55.806865,relu,64,0.0,6,huber,0.0005224196395024208,0.20759972394434223,0.0005710320443907895,512,,COMPLETE
135,0.9727044224739074,2025-10-13 22:22:10.085105,2025-10-13 22:23:18.193411,0 days 00:01:08.108306,relu,64,0.0,6,huber,0.0005125403982912018,0.2033835974747173,0.0004804668143253054,512,,COMPLETE
136,0.9893719971179962,2025-10-13 22:23:18.327674,2025-10-13 22:24:19.942476,0 days 00:01:01.614802,relu,64,0.0,6,huber,0.0005295466300189897,0.2132981209423042,0.0006491526596800586,512,,COMPLETE
137,1.0182569563388824,2025-10-13 22:24:20.078319,2025-10-13 22:25:58.070502,0 days 00:01:37.992183,relu,64,0.0,6,mse,0.0005006460819608776,0.220300961030582,0.00043099662073687163,256,True,COMPLETE
138,0.9873040020465851,2025-10-13 22:25:58.205758,2025-10-13 22:27:01.328841,0 days 00:01:03.123083,gelu,64,0.0,6,huber,0.0005342468004738343,0.21097149768381016,0.0005001306056840434,512,,COMPLETE
139,0.9944825172424316,2025-10-13 22:27:01.460291,2025-10-13 22:29:11.366891,0 days 00:02:09.906600,relu,32,0.0,6,mae,0.0005634863820597119,0.20042975801132096,0.0006110627055635597,512,,COMPLETE
140,0.986574923992157,2025-10-13 22:29:11.502164,2025-10-13 22:30:49.095574,0 days 00:01:37.593410,relu,64,0.1,6,huber,0.0005263440765340842,0.2245199578250336,0.0004049178658448261,512,,COMPLETE
141,0.9811674416065216,2025-10-13 22:30:49.226584,2025-10-13 22:31:58.951494,0 days 00:01:09.724910,relu,64,0.0,6,huber,0.0005107120291933632,0.20736851231555342,0.0003759147011854158,512,,COMPLETE
142,0.9675830662250519,2025-10-13 22:31:59.078871,2025-10-13 22:33:15.753768,0 days 00:01:16.674897,relu,64,0.0,6,huber,0.0005464338005697518,0.2149555611834211,0.0003309068606570616,512,,COMPLETE
143,0.9738620758056641,2025-10-13 22:33:15.887851,2025-10-13 22:34:22.969550,0 days 00:01:07.081699,relu,64,0.0,6,huber,0.0005427872268861698,0.21591446176340476,0.0003104137811349718,512,,COMPLETE
144,0.9905634164810181,2025-10-13 22:34:23.104336,2025-10-13 22:35:32.278258,0 days 00:01:09.173922,relu,64,0.0,6,huber,0.0005738265107810355,0.2208082373988474,0.0002338668070820857,512,,COMPLETE
145,0.9610796093940734,2025-10-13 22:35:32.414721,2025-10-13 22:36:54.366255,0 days 00:01:21.951534,relu,64,0.0,6,huber,0.0005539777024694329,0.2091562598738808,0.00034051317379289487,512,,COMPLETE
146,0.9567712664604187,2025-10-13 22:36:54.500799,2025-10-13 22:38:17.569636,0 days 00:01:23.068837,relu,64,0.0,6,huber,0.0005212447485505925,0.204638451245381,0.0003466518866212002,512,,COMPLETE
147,0.9608541488647461,2025-10-13 22:38:17.703198,2025-10-13 22:39:42.113210,0 days 00:01:24.410012,relu,64,0.0,6,huber,0.0005130612275454923,0.20883019273520181,0.00042956028085733744,512,,COMPLETE
148,1.0093965709209443,2025-10-13 22:39:42.246904,2025-10-13 22:41:00.249649,0 days 00:01:18.002745,relu,64,0.0,6,huber,0.0005161154276194862,0.21273393099537366,0.0004415150020587121,128,,COMPLETE
149,0.978995007276535,2025-10-13 22:41:00.372295,2025-10-13 22:42:08.633144,0 days 00:01:08.260849,relu,64,0.0,5,huber,0.0005004674739923788,0.2089767160408757,0.0005173991414275835,512,,COMPLETE
150,0.9761699974536896,2025-10-13 22:42:08.768388,2025-10-13 22:43:21.451994,0 days 00:01:12.683606,relu,64,0.0,6,huber,0.0005247931698061022,0.20575053575171456,0.0003465752175501048,512,,COMPLETE
151,0.9701427400112153,2025-10-13 22:43:21.587610,2025-10-13 22:44:31.780918,0 days 00:01:10.193308,relu,64,0.0,6,huber,0.0005375542683023557,0.21423802756863425,0.0004159735727726816,512,,COMPLETE
152,0.9786972641944885,2025-10-13 22:44:31.906370,2025-10-13 22:45:48.507159,0 days 00:01:16.600789,relu,64,0.0,6,huber,0.0005367906756699191,0.21510033481047777,0.00043216730230937584,512,,COMPLETE
153,0.9677415430545807,2025-10-13 22:45:48.640996,2025-10-13 22:47:04.712404,0 days 00:01:16.071408,relu,64,0.0,6,huber,0.0005164494777668144,0.20410844188066227,0.0005651194094615878,512,,COMPLETE
154,0.9684259414672851,2025-10-13 22:47:04.848876,2025-10-13 22:48:12.956783,0 days 00:01:08.107907,relu,64,0.0,6,huber,0.0005180692901183464,0.20295482477480928,0.0005897107569539256,512,,COMPLETE
155,0.9598218619823455,2025-10-13 22:48:13.078686,2025-10-13 22:49:36.502516,0 days 00:01:23.423830,relu,64,0.0,6,huber,0.000556474188976531,0.20013522437311806,0.0007367128231364631,1024,,COMPLETE
156,0.9842938840389251,2025-10-13 22:49:36.636892,2025-10-13 22:50:36.949030,0 days 00:01:00.312138,relu,64,0.0,6,huber,0.0005478834164544092,0.20331084099908636,0.000673218970615943,1024,,COMPLETE
157,1.0438950896263122,2025-10-13 22:50:37.080410,2025-10-13 22:56:51.897684,0 days 00:06:14.817274,relu,16,0.3,6,huber,0.0005140719634149646,0.2010508503765277,0.000947366466374135,1024,,COMPLETE
158,0.9687598764896392,2025-10-13 22:56:52.031981,2025-10-13 22:58:14.766019,0 days 00:01:22.734038,relu,64,0.0,6,huber,0.0005362778009893886,0.20632750098876698,0.0007430445926194316,512,,COMPLETE
159,1.0085310554504394,2025-10-13 22:58:14.896295,2025-10-13 22:59:03.011807,0 days 00:00:48.115512,gelu,64,0.0,3,huber,0.0005616666541109415,0.20579133435636635,0.0007578507343031696,1024,,COMPLETE
160,0.9947132766246796,2025-10-13 22:59:03.139072,2025-10-13 23:00:30.969312,0 days 00:01:27.830240,relu,64,0.2,6,huber,0.0005932119312470718,0.20909358024738656,0.0008915117438209862,1024,,COMPLETE
161,0.975492513179779,2025-10-13 23:00:31.104833,2025-10-13 23:01:41.022882,0 days 00:01:09.918049,relu,64,0.0,6,huber,0.000535705942197708,0.2000589672749206,0.0006117828330566885,1024,,COMPLETE
162,0.9696669459342957,2025-10-13 23:01:41.152895,2025-10-13 23:02:58.725298,0 days 00:01:17.572403,relu,64,0.0,6,huber,0.0005343149683818112,0.20466814316994755,0.0005565805335970806,512,,COMPLETE
163,0.9706400513648987,2025-10-13 23:02:58.859586,2025-10-13 23:04:08.032416,0 days 00:01:09.172830,relu,64,0.0,6,huber,0.0005194153792338147,0.20424645456149734,0.0007042671186778911,512,,COMPLETE
164,0.9887100696563721,2025-10-13 23:04:08.160346,2025-10-13 23:05:12.064624,0 days 00:01:03.904278,relu,64,0.0,6,huber,0.0005498089595302439,0.20804416126621114,0.0005551213734137855,512,,COMPLETE
165,0.9767421126365662,2025-10-13 23:05:12.204592,2025-10-13 23:06:24.779998,0 days 00:01:12.575406,relu,64,0.0,6,huber,0.0005743857177961797,0.203737915009471,0.0007996565799214619,512,,COMPLETE
166,0.9740804672241211,2025-10-13 23:06:24.915170,2025-10-13 23:07:37.402474,0 days 00:01:12.487304,relu,64,0.0,6,huber,0.0005284167058675011,0.20952171261624852,0.0005511542287399737,512,,COMPLETE
167,1.0098204374313355,2025-10-13 23:07:37.538106,2025-10-13 23:08:20.927255,0 days 00:00:43.389149,relu,64,0.0,2,huber,0.0005162916339772811,0.2001434868014069,0.0006413821836156981,512,,COMPLETE
168,0.9966734409332275,2025-10-13 23:08:21.062523,2025-10-13 23:09:33.293012,0 days 00:01:12.230489,relu,64,0.0,6,mse,0.0005585941443634236,0.2125985734820257,0.0004966008559167128,512,,COMPLETE
169,0.9695680320262909,2025-10-13 23:09:33.427106,2025-10-13 23:10:45.867442,0 days 00:01:12.440336,relu,64,0.0,6,huber,0.0005450427549507614,0.20633148004588137,0.0008217394665057355,512,,COMPLETE
170,1.0237386524677277,2025-10-13 23:10:46.001620,2025-10-13 23:14:09.592896,0 days 00:03:23.591276,relu,32,0.0,6,huber,0.0005324647212053858,0.20649546810653532,0.0007417895447255495,256,True,COMPLETE
171,0.9794326484203338,2025-10-13 23:14:09.727964,2025-10-13 23:15:18.578375,0 days 00:01:08.850411,relu,64,0.0,6,huber,0.0005465868603417902,0.20483847458517254,0.0005986665876442108,512,,COMPLETE
172,0.9731421172618866,2025-10-13 23:15:18.712020,2025-10-13 23:16:30.467686,0 days 00:01:11.755666,relu,64,0.0,6,huber,0.0005101576937957246,0.2094404281934224,0.0008704901866157358,512,,COMPLETE
173,0.9727283716201782,2025-10-13 23:16:30.602738,2025-10-13 23:17:48.767490,0 days 00:01:18.164752,relu,64,0.0,6,huber,0.0005713949340850396,0.21704990057504328,0.00036408479401155814,512,,COMPLETE
174,0.9772143483161926,2025-10-13 23:17:48.897335,2025-10-13 23:19:00.387392,0 days 00:01:11.490057,relu,64,0.0,6,huber,0.0005518826344163798,0.2001248667256014,0.0007077909004774575,512,,COMPLETE
175,0.9739511847496033,2025-10-13 23:19:00.515135,2025-10-13 23:20:14.239595,0 days 00:01:13.724460,relu,64,0.0,6,huber,0.0005333598575586975,0.21238218602038536,0.00052151012266224,512,,COMPLETE
176,0.987533575296402,2025-10-13 23:20:14.374354,2025-10-13 23:21:15.172166,0 days 00:01:00.797812,relu,64,0.0,6,huber,0.0019580520494449556,0.2045044185823874,2.4504031675426765e-05,512,,COMPLETE
177,0.9503526151180267,2025-10-13 23:21:15.306987,2025-10-13 23:22:47.268103,0 days 00:01:31.961116,relu,64,0.0,6,huber,0.0005875151479119327,0.2206641843322133,0.0004838644157446447,512,,COMPLETE
178,0.9961309313774109,2025-10-13 23:22:47.404240,2025-10-13 23:24:25.325329,0 days 00:01:37.921089,relu,64,0.1,6,mae,0.0005821215009627205,0.2203906150460947,0.0006001897424917357,512,,COMPLETE
179,0.9782033205032349,2025-10-13 23:24:25.462252,2025-10-13 23:25:32.591718,0 days 00:01:07.129466,relu,64,0.0,6,huber,0.000590517686549536,0.2084958862195394,0.0009903737458200567,1024,,COMPLETE
180,0.9747374773025512,2025-10-13 23:25:32.728168,2025-10-13 23:26:34.209136,0 days 00:01:01.480968,relu,64,0.0,5,huber,0.0005667097549666779,0.21472329503557835,0.0004881832350321767,512,,COMPLETE
181,0.9772411108016967,2025-10-13 23:26:34.338272,2025-10-13 23:27:48.253802,0 days 00:01:13.915530,relu,64,0.0,6,huber,0.0005443879790865839,0.20456069683183992,0.00038470745489264897,512,,COMPLETE
182,0.9834193408489227,2025-10-13 23:27:48.381318,2025-10-13 23:28:51.949905,0 days 00:01:03.568587,relu,64,0.0,6,huber,0.0005154848021013598,0.21069085485058928,0.0004640232898137418,512,,COMPLETE
183,0.9629870653152466,2025-10-13 23:28:52.083634,2025-10-13 23:30:29.329653,0 days 00:01:37.246019,relu,64,0.0,6,huber,0.0005596116301173124,0.2187031122145944,0.0007930165353258616,512,,COMPLETE
184,0.983481377363205,2025-10-13 23:30:29.465321,2025-10-13 23:31:35.328460,0 days 00:01:05.863139,relu,64,0.0,6,huber,0.0005268399902050989,0.21693013246829485,0.0008319353363331014,512,,COMPLETE
185,0.972956532239914,2025-10-13 23:31:35.463525,2025-10-13 23:32:48.609004,0 days 00:01:13.145479,relu,64,0.0,6,huber,0.0005679590681822947,0.22204527378081873,0.0007097292627303865,512,,COMPLETE
186,0.9786205172538758,2025-10-13 23:32:48.742236,2025-10-13 23:34:06.303869,0 days 00:01:17.561633,relu,64,0.0,6,huber,0.000556476977628142,0.20761000991330797,0.0005799602923039745,512,,COMPLETE
187,0.9831501424312592,2025-10-13 23:34:06.433126,2025-10-13 23:35:40.297485,0 days 00:01:33.864359,relu,64,0.0,6,huber,0.0006031662155750983,0.21410567678244008,0.0007936064368721377,128,,COMPLETE
188,0.9714674532413483,2025-10-13 23:35:40.424248,2025-10-13 23:36:44.405206,0 days 00:01:03.980958,relu,64,0.0,6,huber,0.0005374711303249958,0.21852962399812423,0.0006569418390666281,512,,COMPLETE
189,0.9994183123111725,2025-10-13 23:36:44.538268,2025-10-13 23:41:51.161716,0 days 00:05:06.623448,relu,16,0.0,6,huber,0.0005112456818901172,0.20386650685110577,0.0003190328944545127,512,,COMPLETE
190,1.0349279761314392,2025-10-13 23:41:51.297498,2025-10-13 23:43:38.079832,0 days 00:01:46.782334,gelu,64,0.3,6,huber,0.0005010225030303347,0.21140322632937006,0.000571403938404378,512,,COMPLETE
191,0.9654852092266083,2025-10-13 23:43:38.214252,2025-10-13 23:45:01.074636,0 days 00:01:22.860384,relu,64,0.0,6,huber,0.0005510871394262632,0.22632146141332923,0.00043286983660804316,512,,COMPLETE
192,0.9909744083881378,2025-10-13 23:45:01.210321,2025-10-13 23:46:04.356381,0 days 00:01:03.146060,relu,64,0.0,6,huber,0.0015099618258177818,0.22614312440189976,0.0003500586237375102,512,,COMPLETE
193,0.9791371583938598,2025-10-13 23:46:04.480741,2025-10-13 23:47:21.283446,0 days 00:01:16.802705,relu,64,0.0,6,huber,0.000526220824593892,0.2231491170676988,0.0004896515775359049,512,,COMPLETE
194,0.972994077205658,2025-10-13 23:47:21.418242,2025-10-13 23:48:30.577919,0 days 00:01:09.159677,relu,64,0.0,6,huber,0.0005525408383051595,0.20834645293676773,0.0003815299505650653,512,,COMPLETE
195,0.9745798945426941,2025-10-13 23:48:30.711990,2025-10-13 23:49:40.082395,0 days 00:01:09.370405,relu,64,0.0,6,huber,0.0005826242553272076,0.200056496338281,0.0004254023572816059,512,,COMPLETE
196,0.9834113359451294,2025-10-13 23:49:40.215737,2025-10-13 23:50:46.268335,0 days 00:01:06.052598,relu,64,0.0,6,huber,0.0005380803491906541,0.21839930289097392,0.0005276028914433993,512,,COMPLETE
197,1.014314136505127,2025-10-13 23:50:46.391864,2025-10-13 23:51:59.221174,0 days 00:01:12.829310,relu,64,0.2,3,huber,0.0005609724026822376,0.21438571181537092,0.0006738334486746327,512,,COMPLETE
198,0.9671834766864776,2025-10-13 23:51:59.357857,2025-10-13 23:53:23.140955,0 days 00:01:23.783098,relu,64,0.0,6,huber,0.0005227502697143463,0.20588516577270408,0.0008264723967848858,512,,COMPLETE
199,0.9772868573665618,2025-10-13 23:53:23.275969,2025-10-13 23:54:40.174291,0 days 00:01:16.898322,relu,64,0.0,6,huber,0.001071593301038123,0.2113336106839616,0.0008676505316394813,512,,COMPLETE
200,0.9891470730304718,2025-10-13 23:54:40.299154,2025-10-13 23:55:55.527569,0 days 00:01:15.228415,relu,64,0.0,6,mse,0.0005179609010302387,0.2072691041650488,0.0008158785624141096,512,,COMPLETE
201,0.9735962629318238,2025-10-13 23:55:55.661073,2025-10-13 23:57:07.463976,0 days 00:01:11.802903,relu,64,0.0,6,huber,0.0005403907846668367,0.203725529966851,0.0007462155719425686,512,,COMPLETE
202,0.9701291799545289,2025-10-13 23:57:07.597317,2025-10-13 23:58:22.849868,0 days 00:01:15.252551,relu,64,0.0,6,huber,0.0005200228282787653,0.20612191639085536,0.0005526793164694468,512,,COMPLETE
203,0.9751663208007812,2025-10-13 23:58:22.983895,2025-10-13 23:59:47.570822,0 days 00:01:24.586927,relu,64,0.0,6,huber,0.0005472618791716805,0.21288811405788424,0.00044864091010038117,512,,COMPLETE
204,0.9688541233539582,2025-10-13 23:59:47.704718,2025-10-14 00:00:58.657539,0 days 00:01:10.952821,relu,64,0.0,6,huber,0.0005660227940268217,0.20257918735327649,0.0009856873163001613,512,,COMPLETE
205,1.0010508120059967,2025-10-14 00:00:58.792595,2025-10-14 00:01:52.737379,0 days 00:00:53.944784,relu,64,0.0,2,huber,0.0005679351615137155,0.20948873774679277,0.0009981638288012616,512,,COMPLETE
206,0.9779203116893769,2025-10-14 00:01:52.870735,2025-10-14 00:03:03.727085,0 days 00:01:10.856350,relu,64,0.0,6,huber,0.0005865961252378005,0.20313510624803718,0.0008844169923882506,1024,,COMPLETE
207,0.974067610502243,2025-10-14 00:03:03.850833,2025-10-14 00:04:12.941797,0 days 00:01:09.090964,relu,64,0.0,6,huber,0.0005091176560401368,0.21871604081511378,0.00030053185753180076,512,,COMPLETE
208,1.0249603271484375,2025-10-14 00:04:13.075529,2025-10-14 00:07:30.532549,0 days 00:03:17.457020,relu,32,0.0,6,huber,0.0005511085441432246,0.20005379044962446,4.29632169330169e-05,256,True,COMPLETE
209,0.9677172243595124,2025-10-14 00:07:30.666234,2025-10-14 00:08:59.811052,0 days 00:01:29.144818,relu,64,0.0,6,mae,0.0005256274792732033,0.22701965449503292,0.0007373884996722886,512,,COMPLETE
210,0.9780933201313019,2025-10-14 00:08:59.946930,2025-10-14 00:10:16.602714,0 days 00:01:16.655784,relu,64,0.0,6,mae,0.0005274180534674699,0.2265794460842251,0.0006657747354879376,512,,COMPLETE
211,0.968553113937378,2025-10-14 00:10:16.737335,2025-10-14 00:11:29.627925,0 days 00:01:12.890590,relu,64,0.0,6,mae,0.0005595096502141454,0.22177057876692058,0.0007875810245986557,512,,COMPLETE
212,0.9900433897972107,2025-10-14 00:11:29.761702,2025-10-14 00:12:40.827317,0 days 00:01:11.065615,relu,64,0.0,6,mae,0.0005696340225587311,0.23128265452394972,0.0009782954368489347,512,,COMPLETE
213,0.9676599025726318,2025-10-14 00:12:40.962292,2025-10-14 00:14:11.966904,0 days 00:01:31.004612,relu,64,0.0,6,huber,0.0005263007802816626,0.22363048864123308,0.0007042826013786403,512,,COMPLETE
214,0.9930756747722626,2025-10-14 00:14:12.101117,2025-10-14 00:15:13.719562,0 days 00:01:01.618445,relu,64,0.0,6,mae,0.0005241385434224877,0.2234033226941199,0.0007475681653959129,512,,COMPLETE
215,0.9903293907642364,2025-10-14 00:15:13.854335,2025-10-14 00:16:24.101757,0 days 00:01:10.247422,relu,64,0.0,6,mae,0.000508824048897499,0.22707931972784778,0.0006561213936219305,512,,COMPLETE
216,0.9725536167621612,2025-10-14 00:16:24.231697,2025-10-14 00:17:44.434576,0 days 00:01:20.202879,relu,64,0.0,6,mae,0.0005316854929904542,0.22178537094851164,0.0007277836170032125,512,,COMPLETE
217,0.9784415543079377,2025-10-14 00:17:44.570082,2025-10-14 00:19:01.417599,0 days 00:01:16.847517,relu,64,0.0,6,mae,0.0005131298129970173,0.2164589819076109,0.0006192301366820614,512,,COMPLETE
218,1.0093745768070221,2025-10-14 00:19:01.554238,2025-10-14 00:20:29.611343,0 days 00:01:28.057105,relu,64,0.1,6,mae,0.0005021557192496582,0.21991522956740056,0.0008278833819131405,512,,COMPLETE
219,0.993722015619278,2025-10-14 00:20:29.746555,2025-10-14 00:21:36.566824,0 days 00:01:06.820269,relu,64,0.0,5,mae,0.0005421962544294124,0.22960353119928986,0.0004034526978601921,512,,COMPLETE
220,0.9720769047737121,2025-10-14 00:21:36.702017,2025-10-14 00:22:49.507903,0 days 00:01:12.805886,relu,64,0.0,6,mae,0.0005260075095358465,0.22493131958709028,0.0005033064271368367,512,,COMPLETE
221,0.9770362436771393,2025-10-14 00:22:49.642045,2025-10-14 00:23:53.788009,0 days 00:01:04.145964,relu,64,0.0,6,huber,0.0005599575251787638,0.21434915545167763,0.00035091691894862314,512,,COMPLETE
222,0.9780524015426636,2025-10-14 00:23:53.917871,2025-10-14 00:25:10.030351,0 days 00:01:16.112480,relu,64,0.0,6,huber,0.0005563706471887975,0.21008186491635322,0.0007464461126349266,512,,COMPLETE
223,0.9745189011096954,2025-10-14 00:25:10.157295,2025-10-14 00:26:23.506787,0 days 00:01:13.349492,relu,64,0.0,6,huber,0.0005826296984799362,0.21652629019481343,0.0008924947366234472,512,,COMPLETE
224,0.9751660346984863,2025-10-14 00:26:23.640903,2025-10-14 00:27:31.729244,0 days 00:01:08.088341,relu,64,0.0,6,huber,0.0005359935883471406,0.20373214046138644,0.000605304163206138,512,,COMPLETE
225,0.9654900133609772,2025-10-14 00:27:31.863235,2025-10-14 00:28:48.858103,0 days 00:01:16.994868,relu,64,0.0,6,huber,0.000558581903953683,0.2113645772423318,0.00045601654003541743,512,,COMPLETE
226,0.9755429208278656,2025-10-14 00:28:48.988993,2025-10-14 00:29:52.414671,0 days 00:01:03.425678,relu,64,0.0,6,huber,0.0005199876613410587,0.21996883866630207,0.00041269570083170997,512,,COMPLETE
227,1.0119735479354859,2025-10-14 00:29:52.542498,2025-10-14 00:31:21.901727,0 days 00:01:29.359229,relu,64,0.0,6,mae,0.0005684817980990414,0.21290437334953247,0.00047380751149199944,128,,COMPLETE
228,0.9803410589694976,2025-10-14 00:31:22.034813,2025-10-14 00:32:38.317226,0 days 00:01:16.282413,gelu,64,0.0,6,huber,0.0005998112281115573,0.2085001119756738,0.0005435857337809818,512,,COMPLETE
229,1.0295761168003081,2025-10-14 00:32:38.455229,2025-10-14 00:36:21.525101,0 days 00:03:43.069872,relu,16,0.0,6,huber,0.0005446297972872457,0.22345272313435136,0.0003467681596837484,1024,,COMPLETE
230,1.0156239151954651,2025-10-14 00:36:21.661372,2025-10-14 00:38:18.323630,0 days 00:01:56.662258,relu,64,0.3,6,huber,0.0016652231514695528,0.2138770612023832,0.0004657129463173346,512,,COMPLETE
231,0.9645958125591279,2025-10-14 00:38:18.459263,2025-10-14 00:39:27.677703,0 days 00:01:09.218440,relu,64,0.0,6,huber,0.0005568829203672477,0.20720946277876584,0.0006458743917621526,512,,COMPLETE
232,0.9886239171028137,2025-10-14 00:39:27.813110,2025-10-14 00:40:30.505061,0 days 00:01:02.691951,relu,64,0.0,6,huber,0.0005552786266159753,0.20880518630134512,0.000651158803225852,512,,COMPLETE
233,0.9871895968914032,2025-10-14 00:40:30.635011,2025-10-14 00:41:36.663526,0 days 00:01:06.028515,relu,64,0.0,6,huber,0.0005332447285117209,0.21149442543266317,0.000999887370460684,512,,COMPLETE
234,0.9884059727191925,2025-10-14 00:41:36.796311,2025-10-14 00:42:36.084595,0 days 00:00:59.288284,relu,64,0.0,6,huber,0.0005000132905809176,0.20627405447914293,0.0007290139979309731,512,,COMPLETE
235,0.9862717926502228,2025-10-14 00:42:36.213890,2025-10-14 00:43:40.769843,0 days 00:01:04.555953,relu,64,0.0,6,huber,0.0005730864296455538,0.21568212374733522,0.0005908486436632155,512,,COMPLETE
236,0.9864253520965576,2025-10-14 00:43:40.896904,2025-10-14 00:44:53.094285,0 days 00:01:12.197381,relu,64,0.0,6,huber,0.0005248238234252715,0.22850260932836922,0.0004222644413339845,512,,COMPLETE
237,0.9979106724262238,2025-10-14 00:44:53.224005,2025-10-14 00:46:00.031782,0 days 00:01:06.807777,relu,64,0.0,6,huber,0.0013204633772809177,0.219287393952732,0.0008095569848708715,512,,COMPLETE
238,1.007513371706009,2025-10-14 00:46:00.158643,2025-10-14 00:47:12.081392,0 days 00:01:11.922749,relu,64,0.2,3,huber,0.0005443558084143748,0.20343993123760912,0.0005143236934837513,512,,COMPLETE
239,0.9731194972991943,2025-10-14 00:47:12.216537,2025-10-14 00:48:29.877919,0 days 00:01:17.661382,relu,64,0.0,6,huber,0.0005175202992662332,0.21028381520654574,0.0006739594750562202,512,,COMPLETE
240,0.9759988248348236,2025-10-14 00:48:30.020114,2025-10-14 00:49:36.982495,0 days 00:01:06.962381,relu,64,0.0,6,huber,0.0005576638246646418,0.2075449589881933,0.00028920602023020957,512,,COMPLETE
241,0.9798278391361237,2025-10-14 00:49:37.116408,2025-10-14 00:50:40.917329,0 days 00:01:03.800921,relu,64,0.0,6,huber,0.0005553880988157587,0.20069461783655954,0.00037036074860074744,512,,COMPLETE
242,0.9722324788570404,2025-10-14 00:50:41.040687,2025-10-14 00:52:03.193356,0 days 00:01:22.152669,relu,64,0.0,6,huber,0.0005774804133197063,0.20358317727029732,0.0004593886826701375,512,,COMPLETE
243,0.9640105307102204,2025-10-14 00:52:03.328746,2025-10-14 00:53:24.701752,0 days 00:01:21.373006,relu,64,0.0,6,huber,0.0005359563756223392,0.20616747908205224,0.0008252499402409948,512,,COMPLETE
244,0.9706760287284851,2025-10-14 00:53:24.836714,2025-10-14 00:54:49.666349,0 days 00:01:24.829635,relu,64,0.0,6,huber,0.0005394375758053775,0.21246081690066995,0.0008103951965570406,512,,COMPLETE
245,0.9701400399208069,2025-10-14 00:54:49.802009,2025-10-14 00:56:09.195478,0 days 00:01:19.393469,relu,64,0.0,6,huber,0.0005301951908841485,0.20643729640337874,0.0008928199178894292,512,,COMPLETE
246,0.963723361492157,2025-10-14 00:56:09.320410,2025-10-14 00:57:29.618731,0 days 00:01:20.298321,relu,64,0.0,6,huber,0.0005142453834710053,0.2167997966575023,0.0007048070617754731,512,,COMPLETE
247,1.0145241558551787,2025-10-14 00:57:29.753715,2025-10-14 00:58:23.321457,0 days 00:00:53.567742,relu,64,0.0,2,mse,0.0005149535744761801,0.21864878317573466,0.0006181122224203341,512,,COMPLETE
248,0.9859278261661529,2025-10-14 00:58:23.457174,2025-10-14 00:59:26.820830,0 days 00:01:03.363656,relu,64,0.0,6,huber,0.000513102345935178,0.22498174606632546,0.0006885703953004923,512,,COMPLETE
249,0.9887698352336883,2025-10-14 00:59:26.957477,2025-10-14 01:01:37.784277,0 days 00:02:10.826800,relu,32,0.0,6,huber,0.0005294474426322726,0.22203327166367282,0.000542594849146696,512,,COMPLETE
250,0.9932861149311065,2025-10-14 01:01:37.918935,2025-10-14 01:02:34.494955,0 days 00:00:56.576020,relu,64,0.0,6,huber,0.0005385455808465823,0.21615789483390094,0.0007337697117495903,1024,,COMPLETE
251,1.0187752664089202,2025-10-14 01:02:34.625132,2025-10-14 01:04:19.697032,0 days 00:01:45.071900,relu,64,0.0,6,huber,0.0005151223125049575,0.21160702981462795,0.0005961040652694087,256,True,COMPLETE
252,0.9836558401584625,2025-10-14 01:04:19.823759,2025-10-14 01:05:33.663453,0 days 00:01:13.839694,relu,64,0.0,6,mae,0.000543985012299785,0.2148009256478968,0.0004988125666201038,512,,COMPLETE
253,0.9821222424507141,2025-10-14 01:05:33.797306,2025-10-14 01:06:44.624670,0 days 00:01:10.827364,relu,64,0.0,6,huber,0.0005015854547282298,0.20858593978673468,0.0004073810052254364,512,,COMPLETE
254,0.9826582074165344,2025-10-14 01:06:44.747896,2025-10-14 01:07:55.468791,0 days 00:01:10.720895,relu,64,0.0,6,huber,0.0005252331674933186,0.21776065322393684,1.0272845595087715e-06,512,,COMPLETE
255,0.992407351732254,2025-10-14 01:07:55.602966,2025-10-14 01:09:02.260886,0 days 00:01:06.657920,relu,64,0.0,6,huber,0.0005448845708595937,0.22195845385868349,0.00073810146031879,512,,COMPLETE
256,0.9853993773460388,2025-10-14 01:09:02.395994,2025-10-14 01:10:29.215372,0 days 00:01:26.819378,gelu,64,0.1,6,huber,0.0005248722540057647,0.21205644547903468,6.824216017127375e-06,512,,COMPLETE
257,0.9816210746765137,2025-10-14 01:10:29.349884,2025-10-14 01:11:36.366161,0 days 00:01:07.016277,relu,64,0.0,6,huber,0.0005115166523089069,0.2067340755977196,0.0006292007457559322,512,,COMPLETE
258,0.9728666603565216,2025-10-14 01:11:36.500355,2025-10-14 01:12:55.673305,0 days 00:01:19.172950,relu,64,0.0,6,huber,0.0009842561285530686,0.22986184835744775,0.0003536341917455908,512,,COMPLETE
259,0.9971851885318757,2025-10-14 01:12:55.795579,2025-10-14 01:13:45.656320,0 days 00:00:49.860741,relu,64,0.0,5,mae,0.000551205746649326,0.21532058924961578,0.0004509716920340461,512,,COMPLETE
260,1.0221705377101897,2025-10-14 01:13:45.785589,2025-10-14 01:17:47.781898,0 days 00:04:01.996309,relu,16,0.0,6,huber,0.0011341474699573257,0.20923871407669434,0.0003082184551407473,512,,COMPLETE
261,0.9715302050113678,2025-10-14 01:17:47.916094,2025-10-14 01:19:06.613680,0 days 00:01:18.697586,relu,64,0.0,6,huber,0.0005333419208381198,0.20546512208965484,0.0005684482355288307,512,,COMPLETE
262,1.0043737411499023,2025-10-14 01:19:06.741236,2025-10-14 01:20:28.266742,0 days 00:01:21.525506,relu,64,0.0,6,huber,0.0005805468168012783,0.21935833680802508,0.0007635905772249273,128,,COMPLETE
263,0.9604794204235076,2025-10-14 01:20:28.400519,2025-10-14 01:21:49.159975,0 days 00:01:20.759456,relu,64,0.0,6,huber,0.000558248829474157,0.23364846461501806,0.0005187872165736514,512,,COMPLETE
264,1.042131131887436,2025-10-14 01:21:49.295086,2025-10-14 01:23:35.441494,0 days 00:01:46.146408,relu,64,0.3,6,huber,0.0005974278666165774,0.23377452095640164,0.0003961169809526377,512,,COMPLETE
265,0.9962755024433136,2025-10-14 01:23:35.578570,2025-10-14 01:24:29.386857,0 days 00:00:53.808287,relu,64,0.0,6,huber,0.0005606583355807606,0.23151111190367366,1.182212060974881e-05,1024,,COMPLETE
266,0.981780594587326,2025-10-14 01:24:29.522979,2025-10-14 01:25:41.808679,0 days 00:01:12.285700,relu,64,0.0,6,huber,0.0005682839231397579,0.22800800918169437,0.0004964097175004622,512,,COMPLETE
267,0.9802976787090302,2025-10-14 01:25:41.943735,2025-10-14 01:26:59.311401,0 days 00:01:17.367666,relu,64,0.0,6,mae,0.000521114096004788,0.22539138499628447,0.0005288546305088987,512,,COMPLETE
268,0.9976577818393707,2025-10-14 01:26:59.441886,2025-10-14 01:28:06.679657,0 days 00:01:07.237771,relu,64,0.0,6,mse,0.0005005710161313265,0.23583489366121407,0.00043820322531745726,512,,COMPLETE
269,1.005623141527176,2025-10-14 01:28:06.808211,2025-10-14 01:29:16.902420,0 days 00:01:10.094209,relu,64,0.2,3,huber,0.0005503428638538045,0.22365027549823738,0.00034657641087375545,512,,COMPLETE
270,0.9872452437877655,2025-10-14 01:29:17.033936,2025-10-14 01:31:26.968985,0 days 00:02:09.935049,relu,32,0.0,6,huber,0.0005814618958995838,0.20025766483542898,1.3159136148671904e-06,512,,COMPLETE
271,0.9709644258022309,2025-10-14 01:31:27.104627,2025-10-14 01:32:50.517286,0 days 00:01:23.412659,relu,64,0.0,6,huber,0.000539590692316661,0.21469772876854284,0.0005644025174165457,512,,COMPLETE
272,0.974379014968872,2025-10-14 01:32:50.645216,2025-10-14 01:33:55.274984,0 days 00:01:04.629768,relu,64,0.0,6,huber,0.0005601240577965419,0.2205315930392273,6.391885854308455e-05,512,,COMPLETE
273,0.9637228608131408,2025-10-14 01:33:55.409950,2025-10-14 01:35:19.843783,0 days 00:01:24.433833,relu,64,0.0,6,huber,0.0005149004851007081,0.2090298957250315,0.000656789653601938,512,,COMPLETE
274,0.997900390625,2025-10-14 01:35:19.974803,2025-10-14 01:36:15.172440,0 days 00:00:55.197637,relu,64,0.0,2,huber,0.0005106717668968842,0.2107348454366178,0.00046662717497759844,512,,COMPLETE
275,1.0081030249595642,2025-10-14 01:36:15.301165,2025-10-14 01:37:47.285771,0 days 00:01:31.984606,gelu,64,0.0,6,huber,0.0005225879382563031,0.20419284592605252,0.0006608326969826214,256,True,COMPLETE
276,0.9730278849601746,2025-10-14 01:37:47.421764,2025-10-14 01:39:01.815050,0 days 00:01:14.393286,relu,64,0.0,6,huber,0.0005012365742207367,0.21050875076448916,0.0003952631071459321,512,,COMPLETE
277,0.975732833147049,2025-10-14 01:39:01.946473,2025-10-14 01:40:15.328712,0 days 00:01:13.382239,relu,64,0.0,6,huber,0.0005304021155582758,0.2073771965964539,0.00027728492655600763,512,,COMPLETE
278,0.9728728055953979,2025-10-14 01:40:15.456106,2025-10-14 01:41:34.667353,0 days 00:01:19.211247,relu,64,0.0,6,huber,0.0005164216322328454,0.21403613218213197,0.0005140116783331572,512,,COMPLETE
279,0.9995730698108674,2025-10-14 01:41:34.797773,2025-10-14 01:42:18.037520,0 days 00:00:43.239747,relu,64,0.0,4,huber,0.0005410651070205887,0.21007784708299712,0.0006023862790868811,1024,,COMPLETE
280,0.9719458818435669,2025-10-14 01:42:18.165819,2025-10-14 01:43:37.850307,0 days 00:01:19.684488,relu,64,0.0,6,huber,0.0014142334437873539,0.2041860677624264,0.00031846671675241837,512,,COMPLETE
281,0.9956348776817322,2025-10-14 01:43:37.983837,2025-10-14 01:45:04.608415,0 days 00:01:26.624578,relu,64,0.1,6,huber,0.0005178042673256401,0.20011398655581344,0.000656108294813827,512,,COMPLETE
282,1.0006594240665436,2025-10-14 01:45:04.731730,2025-10-14 01:50:06.350440,0 days 00:05:01.618710,relu,16,0.0,6,huber,0.0005297759253453695,0.21572502860272666,0.00043930533251295735,512,,COMPLETE
283,0.9769212782382966,2025-10-14 01:50:06.484669,2025-10-14 01:51:22.525566,0 days 00:01:16.040897,relu,64,0.0,6,huber,0.0005455472242421785,0.20707712356573296,0.000540379442063745,512,,COMPLETE
284,0.9834029197692871,2025-10-14 01:51:22.653353,2025-10-14 01:52:20.941991,0 days 00:00:58.288638,relu,64,0.0,5,huber,0.0005095071997198767,0.21186428887535846,0.0003912191381632473,512,,COMPLETE
285,0.9998101472854615,2025-10-14 01:52:21.075543,2025-10-14 01:53:43.352956,0 days 00:01:22.277413,relu,64,0.0,6,huber,0.0005281266847130289,0.21749789607496126,0.0008776093560765327,128,,COMPLETE
286,0.976897805929184,2025-10-14 01:53:43.489800,2025-10-14 01:54:55.435260,0 days 00:01:11.945460,relu,64,0.0,6,huber,0.0005502667226990329,0.2046478601624889,0.0006681332727538383,512,,COMPLETE
287,0.9705880224704743,2025-10-14 01:54:55.560119,2025-10-14 01:56:10.073141,0 days 00:01:14.513022,relu,64,0.0,6,huber,0.0005007941442457587,0.22779127820059533,0.0004795929935804526,512,,COMPLETE
288,0.9797975718975067,2025-10-14 01:56:10.209174,2025-10-14 01:57:18.476988,0 days 00:01:08.267814,relu,64,0.0,6,huber,0.0006164024085984062,0.2115162873855997,0.0005915404517021321,512,,COMPLETE
289,1.052368050813675,2025-10-14 01:57:18.613505,2025-10-14 01:59:00.955552,0 days 00:01:42.342047,relu,64,0.3,6,huber,0.0005721878563818024,0.207836097022268,0.00033651069280213255,512,,COMPLETE
290,0.9884885907173157,2025-10-14 01:59:01.089564,2025-10-14 02:00:06.844069,0 days 00:01:05.754505,relu,64,0.0,6,huber,0.0005339108778322761,0.21733239690027226,0.000840264304367877,512,,COMPLETE
291,0.9734273195266724,2025-10-14 02:00:06.975942,2025-10-14 02:01:25.817285,0 days 00:01:18.841343,relu,64,0.0,6,huber,0.0005179330716601461,0.23296125590705227,0.0003973602401974735,512,,COMPLETE
292,0.9976345181465149,2025-10-14 02:01:25.946386,2025-10-14 02:02:54.979065,0 days 00:01:29.032679,relu,64,0.2,6,huber,0.0005521956633359645,0.3198899834459257,0.0005074214946330612,1024,,COMPLETE
293,0.9897898316383362,2025-10-14 02:02:55.113509,2025-10-14 02:05:10.024080,0 days 00:02:14.910571,relu,32,0.0,6,huber,0.0005361725094428131,0.2003337757747205,0.0006924537406443002,512,,COMPLETE
294,0.9834937071800232,2025-10-14 02:05:10.159104,2025-10-14 02:06:10.802235,0 days 00:01:00.643131,relu,64,0.0,3,huber,0.000591007214071348,0.21316414547937182,0.00027282585279253286,512,,COMPLETE
295,0.9970906436443329,2025-10-14 02:06:10.933228,2025-10-14 02:07:11.487729,0 days 00:01:00.554501,relu,64,0.0,6,mse,0.0005661964599415849,0.20422779463333104,0.0005680238010294969,512,,COMPLETE
296,0.9774909019470215,2025-10-14 02:07:11.615489,2025-10-14 02:08:19.390115,0 days 00:01:07.774626,gelu,64,0.0,6,huber,0.0005166796318119565,0.22234842936994983,0.00045240525113548883,512,,COMPLETE
297,0.9660700738430024,2025-10-14 02:08:19.520659,2025-10-14 02:09:36.836593,0 days 00:01:17.315934,relu,64,0.0,6,huber,0.000547759814670362,0.2090306284889948,0.0007393426198057249,512,,COMPLETE
298,0.9845337986946106,2025-10-14 02:09:36.964625,2025-10-14 02:10:47.421882,0 days 00:01:10.457257,relu,64,0.0,6,huber,0.0005768696634624624,0.21673734563630856,0.0008747649050693403,512,,COMPLETE
299,0.9776112258434295,2025-10-14 02:10:47.557080,2025-10-14 02:12:00.120710,0 days 00:01:12.563630,relu,64,0.0,6,huber,0.0005515019247352845,0.21123403412831654,1.721943287678411e-05,512,,COMPLETE
300,1.0085823774337768,2025-10-14 02:12:00.256308,2025-10-14 02:12:48.379560,0 days 00:00:48.123252,relu,64,0.0,2,huber,0.0005994029466994797,0.22637128838714288,0.0007574987850805381,512,,COMPLETE
301,1.0092066824436188,2025-10-14 02:12:48.503886,2025-10-14 02:14:31.218160,0 days 00:01:42.714274,relu,64,0.0,6,huber,0.0005414680115654982,0.218634989160057,0.0007149041536974671,256,True,COMPLETE
302,0.972540432214737,2025-10-14 02:14:31.354039,2025-10-14 02:15:54.141642,0 days 00:01:22.787603,relu,64,0.0,6,huber,0.0010278007989513883,0.209117894967485,0.00037420036104698966,512,,COMPLETE
303,0.9719292938709259,2025-10-14 02:15:54.266464,2025-10-14 02:17:02.409160,0 days 00:01:08.142696,relu,64,0.0,6,huber,0.0005640629738968391,0.21397010601195346,0.0008370871065593184,512,,COMPLETE
304,0.9813311755657196,2025-10-14 02:17:02.544199,2025-10-14 02:18:07.546625,0 days 00:01:05.002426,relu,64,0.0,6,huber,0.0005303071332923928,0.20714234815644672,0.0006369982154463669,512,,COMPLETE
305,0.9816069185733796,2025-10-14 02:18:07.670830,2025-10-14 02:19:06.117203,0 days 00:00:58.446373,relu,64,0.0,6,huber,0.0005542228044570508,0.22153805775793006,0.00031737646992554636,512,,COMPLETE
306,0.9912562727928161,2025-10-14 02:19:06.250922,2025-10-14 02:19:47.511414,0 days 00:00:41.260492,relu,64,0.0,4,huber,0.0005412712688510616,0.21403225670075673,2.706123507420799e-05,1024,,COMPLETE
307,0.9935372591018676,2025-10-14 02:19:47.634229,2025-10-14 02:21:25.362247,0 days 00:01:37.728018,relu,64,0.1,6,huber,0.0005829891308304552,0.20798154655684545,0.00044281677203053034,512,,COMPLETE
308,0.9745507121086121,2025-10-14 02:21:25.499991,2025-10-14 02:22:28.505093,0 days 00:01:03.005102,relu,64,0.0,6,huber,0.0005284316232362919,0.23101094006275194,0.0005337102551867718,512,,COMPLETE
309,0.9983733594417572,2025-10-14 02:22:28.640895,2025-10-14 02:27:24.357495,0 days 00:04:55.716600,relu,16,0.0,6,huber,0.0005655820341923588,0.21882829738819848,0.0007521686373776507,512,,COMPLETE
310,0.9728119671344757,2025-10-14 02:27:24.492915,2025-10-14 02:28:41.574683,0 days 00:01:17.081768,relu,64,0.0,6,huber,0.0005109660090623785,0.20445065209160582,0.0003563125161095012,512,,COMPLETE
311,0.9649643540382385,2025-10-14 02:28:41.712043,2025-10-14 02:29:54.017580,0 days 00:01:12.305537,relu,64,0.0,5,huber,0.0005466725218272491,0.2111913818515868,0.0009040192826685635,512,,COMPLETE
312,0.9792948484420776,2025-10-14 02:29:54.151335,2025-10-14 02:30:47.828742,0 days 00:00:53.677407,relu,64,0.0,5,huber,0.000921668071837282,0.2889575580416767,0.0009985350443286062,512,,COMPLETE
313,0.9794547319412231,2025-10-14 02:30:47.957296,2025-10-14 02:32:24.143307,0 days 00:01:36.186011,relu,64,0.0,6,huber,0.0005551307475809424,0.22532284006362888,9.608604994862078e-05,128,,COMPLETE
314,1.0245211243629455,2025-10-14 02:32:24.279260,2025-10-14 02:34:11.175124,0 days 00:01:46.895864,relu,64,0.3,5,huber,0.0005783947079126372,0.36689526722227694,0.0008626220424372095,512,,COMPLETE
315,1.0264608323574067,2025-10-14 02:34:11.311228,2025-10-14 02:35:00.884594,0 days 00:00:49.573366,gelu,64,0.0,5,mse,0.0005435648100843979,0.21374936402486072,0.0008832378481716891,512,,COMPLETE
316,0.9913049161434173,2025-10-14 02:35:01.020602,2025-10-14 02:37:06.531493,0 days 00:02:05.510891,relu,32,0.0,5,huber,0.0005662671426498246,0.21953535393115137,0.0007909929749661646,512,,COMPLETE
317,0.9819339632987976,2025-10-14 02:37:06.667017,2025-10-14 02:38:08.313724,0 days 00:01:01.646707,relu,64,0.0,5,huber,0.0005926089305762519,0.2809558058394638,0.0006766157423584773,512,,COMPLETE
318,0.9760245144367218,2025-10-14 02:38:08.438689,2025-10-14 02:39:07.484250,0 days 00:00:59.045561,relu,64,0.0,5,huber,0.0005411913423544159,0.21042079304226988,0.0009923772371659293,512,,COMPLETE
319,0.9871784448623657,2025-10-14 02:39:07.620398,2025-10-14 02:40:51.790824,0 days 00:01:44.170426,relu,64,0.2,6,huber,0.0005294681492732364,0.21568026178239175,0.0006381981749212858,1024,,COMPLETE
320,0.9895311295986176,2025-10-14 02:40:51.914952,2025-10-14 02:41:52.117045,0 days 00:01:00.202093,relu,64,0.0,6,huber,0.0005612429521566106,0.21007148033329176,0.0004064479664498245,512,,COMPLETE
321,0.9926845526695252,2025-10-14 02:41:52.253541,2025-10-14 02:42:46.156652,0 days 00:00:53.903111,relu,64,0.0,3,huber,0.0005481353684179768,0.21332961299048536,0.0007655307709379216,512,,COMPLETE
322,0.9842211961746216,2025-10-14 02:42:46.283041,2025-10-14 02:43:53.315673,0 days 00:01:07.032632,relu,64,0.0,6,huber,0.0005252725567838012,0.22294584189257485,0.0002690435000944943,512,,COMPLETE
323,0.9895503282546997,2025-10-14 02:43:53.447918,2025-10-14 02:44:57.748451,0 days 00:01:04.300533,relu,64,0.0,6,huber,0.0006132620306260891,0.23727694426547297,0.0005196613763817065,512,,COMPLETE
324,0.9765232324600219,2025-10-14 02:44:57.877989,2025-10-14 02:46:07.079665,0 days 00:01:09.201676,relu,64,0.0,6,huber,0.0005761777595878314,0.21705653637467795,0.0008845627450475531,512,,COMPLETE
325,1.0163392782211305,2025-10-14 02:46:07.210441,2025-10-14 02:47:53.291387,0 days 00:01:46.080946,relu,64,0.0,6,huber,0.0005368701518055281,0.34235258337598,0.00031267014231017355,256,True,COMPLETE
326,0.9970448076725006,2025-10-14 02:47:53.420445,2025-10-14 02:48:42.853757,0 days 00:00:49.433312,relu,64,0.0,2,huber,0.0005020619509755553,0.20739515698945912,0.0004529337349428451,512,,COMPLETE
327,0.991083300113678,2025-10-14 02:48:42.989738,2025-10-14 02:49:45.460129,0 days 00:01:02.470391,relu,64,0.0,6,huber,0.0005548431156999588,0.20009779179422374,0.0007119987065509916,512,,COMPLETE
328,0.9797801554203034,2025-10-14 02:49:45.584622,2025-10-14 02:51:05.027372,0 days 00:01:19.442750,relu,64,0.0,6,huber,0.0005194665705109678,0.22619477792819404,0.0006082357215329326,512,,COMPLETE
329,1.0154848515987396,2025-10-14 02:51:05.162571,2025-10-14 02:54:55.585884,0 days 00:03:50.423313,relu,16,0.0,5,huber,0.0005426634681178161,0.20974359846110283,0.00037027222444534447,512,,COMPLETE
330,0.980191844701767,2025-10-14 02:54:55.721099,2025-10-14 02:56:33.684893,0 days 00:01:37.963794,relu,64,0.1,6,huber,0.0005638251229738066,0.22010540999293246,0.0004714920578059818,512,,COMPLETE
331,0.9846046566963196,2025-10-14 02:56:33.833496,2025-10-14 02:57:47.954207,0 days 00:01:14.120711,relu,64,0.0,6,huber,0.0005253319134097833,0.35387438010294947,0.0007733113734917302,512,,COMPLETE
332,0.9639570534229278,2025-10-14 02:57:48.090431,2025-10-14 02:59:04.803498,0 days 00:01:16.713067,relu,64,0.0,6,huber,0.0008032444212130458,0.229769783914144,0.0006563801214186997,512,,COMPLETE
333,0.9914379000663758,2025-10-14 02:59:04.929377,2025-10-14 03:00:07.832761,0 days 00:01:02.903384,relu,64,0.0,6,huber,0.0005980873142205327,0.23295738287924622,0.0005641143183843536,1024,,COMPLETE
334,0.9805384337902069,2025-10-14 03:00:07.970081,2025-10-14 03:01:15.583584,0 days 00:01:07.613503,relu,64,0.0,6,huber,0.0008424107946593418,0.20505921004819863,7.135066730592405e-05,512,,COMPLETE
335,1.005003434419632,2025-10-14 03:01:15.719774,2025-10-14 03:02:14.155440,0 days 00:00:58.435666,gelu,64,0.0,4,huber,0.0008779957523049925,0.21497711191752317,0.00041724573417778243,128,,COMPLETE
336,0.9904853105545044,2025-10-14 03:02:14.280109,2025-10-14 03:03:09.866912,0 days 00:00:55.586803,relu,64,0.0,6,huber,0.0006470439305890159,0.2416146711764362,0.0006365332881378055,512,,COMPLETE
337,0.9768669188022614,2025-10-14 03:03:09.991947,2025-10-14 03:04:19.094350,0 days 00:01:09.102403,relu,64,0.0,6,huber,0.0008108088807660102,0.21147067277991988,0.0004923256779570156,512,,COMPLETE
338,0.9916889131069183,2025-10-14 03:04:19.230386,2025-10-14 03:06:32.438490,0 days 00:02:13.208104,relu,32,0.0,6,huber,0.0007835215488952755,0.20451530078005234,0.0003146986628220639,512,,COMPLETE
339,1.0386731147766113,2025-10-14 03:06:32.574062,2025-10-14 03:08:22.852617,0 days 00:01:50.278555,relu,64,0.3,6,huber,0.0005779709579843627,0.20846087203332261,0.00037311919429742325,512,,COMPLETE
340,0.9948777973651886,2025-10-14 03:08:22.987540,2025-10-14 03:09:20.999909,0 days 00:00:58.012369,relu,64,0.0,6,huber,0.0012396209677691678,0.21714316222519553,4.157795063130957e-06,512,,COMPLETE
341,0.9822706043720245,2025-10-14 03:09:21.135975,2025-10-14 03:10:29.392809,0 days 00:01:08.256834,relu,64,0.0,6,huber,0.0006963299111982771,0.2117076403441237,0.0005726913665315326,512,,COMPLETE
342,0.9742844700813293,2025-10-14 03:10:29.523718,2025-10-14 03:11:42.315227,0 days 00:01:12.791509,relu,64,0.0,6,huber,0.0005509283905235031,0.2215972863866593,0.0006831851622495179,512,,COMPLETE
343,0.9999419271945953,2025-10-14 03:11:42.443738,2025-10-14 03:13:38.948318,0 days 00:01:56.504580,relu,64,0.2,6,huber,0.0007425857034751147,0.20625865744469207,4.141627872328749e-05,512,,COMPLETE
344,0.9881433546543121,2025-10-14 03:13:39.083574,2025-10-14 03:14:37.394190,0 days 00:00:58.310616,relu,64,0.0,6,huber,0.000569398322060735,0.20304309989183847,0.0008860824201272665,512,,COMPLETE
345,0.9763740479946137,2025-10-14 03:14:37.518024,2025-10-14 03:15:50.447725,0 days 00:01:12.929701,relu,64,0.0,5,mse,0.0005093822886507278,0.2298766315963361,0.0002507359961624524,512,,COMPLETE
346,0.9782884120941162,2025-10-14 03:15:50.582284,2025-10-14 03:16:55.559823,0 days 00:01:04.977539,relu,64,0.0,6,huber,0.0005368852196146559,0.21394976809631314,0.0004236455768356893,512,,COMPLETE
347,0.9892182290554047,2025-10-14 03:16:55.683537,2025-10-14 03:17:58.077164,0 days 00:01:02.393627,relu,64,0.0,6,huber,0.0005886918762520513,0.2089008096628249,0.0005084731803623983,1024,,COMPLETE
348,1.0053256905078887,2025-10-14 03:17:58.213557,2025-10-14 03:18:46.711530,0 days 00:00:48.497973,relu,64,0.0,3,huber,0.0005000316612283374,0.29883332581948135,0.0006543464431718857,512,,COMPLETE
349,0.9704396724700928,2025-10-14 03:18:46.836843,2025-10-14 03:19:57.991116,0 days 00:01:11.154273,relu,64,0.0,6,huber,0.0006302625177186164,0.2177660876934195,0.0008061069652501965,512,,COMPLETE
350,0.9752345085144043,2025-10-14 03:19:58.123036,2025-10-14 03:21:07.420011,0 days 00:01:09.296975,relu,64,0.0,6,huber,0.00055480613513155,0.21211597374829996,0.00034363650921383405,512,,COMPLETE
351,1.0022676527500152,2025-10-14 03:21:07.549236,2025-10-14 03:23:03.262753,0 days 00:01:55.713517,relu,64,0.0,6,huber,0.000535517089905729,0.38290496468524926,0.0005822035810520238,256,True,COMPLETE
352,0.9985637068748474,2025-10-14 03:23:03.399263,2025-10-14 03:28:02.218538,0 days 00:04:58.819275,relu,16,0.0,6,huber,0.0007203856098315602,0.22325113009208866,0.00048611703748558527,512,,COMPLETE
353,0.9989549934864044,2025-10-14 03:28:02.354559,2025-10-14 03:28:55.333747,0 days 00:00:52.979188,relu,64,0.0,2,huber,0.0005165867374932697,0.2360946623496416,0.00041650390775787015,512,,COMPLETE
354,0.961885541677475,2025-10-14 03:28:55.457941,2025-10-14 03:30:12.157702,0 days 00:01:16.699761,relu,64,0.0,6,huber,0.0005711678668500482,0.20279750999144155,0.0009898592980895793,512,,COMPLETE
355,0.9788297414779663,2025-10-14 03:30:12.293111,2025-10-14 03:31:29.540348,0 days 00:01:17.247237,gelu,64,0.0,6,huber,0.0006039583906055963,0.20227229294595686,0.0009292545268336315,512,,COMPLETE
356,0.9915979266166687,2025-10-14 03:31:29.675057,2025-10-14 03:32:33.212986,0 days 00:01:03.537929,relu,64,0.0,6,huber,0.0005901483892425189,0.20522189596443777,0.0008420856408054033,512,,COMPLETE
357,0.9793872237205505,2025-10-14 03:32:33.347605,2025-10-14 03:33:47.692420,0 days 00:01:14.344815,relu,64,0.0,6,huber,0.0005728771514007675,0.2015675994420448,0.000969699900647849,512,,COMPLETE
358,0.967316335439682,2025-10-14 03:33:47.827522,2025-10-14 03:35:03.524302,0 days 00:01:15.696780,relu,64,0.0,6,huber,0.000559189101795792,0.20714586299262377,0.0007834681574267924,512,,COMPLETE
359,0.981095552444458,2025-10-14 03:35:03.661088,2025-10-14 03:36:13.690778,0 days 00:01:10.029690,relu,64,0.1,4,huber,0.0005786931043256711,0.20024042716261525,0.0007952071238756579,512,,COMPLETE
360,0.9765468239784241,2025-10-14 03:36:13.828452,2025-10-14 03:37:44.161594,0 days 00:01:30.333142,relu,64,0.0,6,huber,0.0006129733117532774,0.20740083055236752,0.0009068026752147166,128,,COMPLETE
361,0.9692068874835968,2025-10-14 03:37:44.285654,2025-10-14 03:38:40.732331,0 days 00:00:56.446677,relu,64,0.0,5,huber,0.000560874276514984,0.20690710585080768,0.0007234962925538551,512,,COMPLETE
362,0.9842522144317627,2025-10-14 03:38:40.867704,2025-10-14 03:41:00.135437,0 days 00:02:19.267733,relu,32,0.0,6,huber,0.0005655566757476483,0.2038115122376936,0.0009977718271852226,1024,,COMPLETE
363,0.9789936482906342,2025-10-14 03:41:00.274300,2025-10-14 03:42:12.321329,0 days 00:01:12.047029,relu,64,0.0,6,huber,0.0007651296109604563,0.2086177945333915,0.0008106389059321183,512,,COMPLETE
364,0.9902933418750763,2025-10-14 03:42:12.446406,2025-10-14 03:43:19.277100,0 days 00:01:06.830694,relu,64,0.0,6,mse,0.0005867204033121916,0.21036132930456056,0.0006461366411867132,512,,COMPLETE
365,1.0358870804309845,2025-10-14 03:43:19.413329,2025-10-14 03:45:09.268464,0 days 00:01:49.855135,relu,64,0.3,6,huber,0.0005515330100258995,0.20409186461648984,0.0007330313408567775,512,,COMPLETE
366,0.989790165424347,2025-10-14 03:45:09.405576,2025-10-14 03:46:10.046868,0 days 00:01:00.641292,relu,64,0.0,6,huber,0.0005467552263515904,0.20017840587991342,0.0005472097014260225,512,,COMPLETE
367,0.9852926135063171,2025-10-14 03:46:10.172053,2025-10-14 03:47:20.082862,0 days 00:01:09.910809,relu,64,0.0,6,huber,0.0005718897478445269,0.2113402369413528,0.0008632962509597341,512,,COMPLETE
368,0.97478688955307,2025-10-14 03:47:20.218827,2025-10-14 03:48:33.885209,0 days 00:01:13.666382,relu,64,0.0,6,huber,0.0005572328028081074,0.2074242930604937,0.0006328305876651397,512,,COMPLETE
369,1.0094479084014893,2025-10-14 03:48:34.010748,2025-10-14 03:50:29.187064,0 days 00:01:55.176316,relu,64,0.2,6,huber,0.0005366386413816649,0.21415232886885416,0.0007742987584000539,512,,COMPLETE
370,0.9845924139022827,2025-10-14 03:50:29.322596,2025-10-14 03:51:36.467422,0 days 00:01:07.144826,relu,64,0.0,6,huber,0.0005940300876430744,0.2047906759082779,0.0004962770952067086,512,,COMPLETE
371,0.987703412771225,2025-10-14 03:51:36.596007,2025-10-14 03:52:36.759628,0 days 00:01:00.163621,relu,64,0.0,6,huber,0.0005154514629373796,0.27350653807966496,0.0005843121013468851,512,,COMPLETE
372,0.9796904146671295,2025-10-14 03:52:36.894814,2025-10-14 03:53:46.169005,0 days 00:01:09.274191,relu,64,0.0,6,huber,0.0005662928401874404,0.2102574205916312,8.88058158194782e-06,512,,COMPLETE
373,0.9741228222846985,2025-10-14 03:53:46.293311,2025-10-14 03:54:54.056863,0 days 00:01:07.763552,relu,64,0.0,6,huber,0.0005439228435041038,0.20000514323658286,0.0006884375529682618,512,,COMPLETE
374,0.970177286863327,2025-10-14 03:54:54.192019,2025-10-14 03:55:55.658118,0 days 00:01:01.466099,gelu,64,0.0,5,huber,0.0005289701476510858,0.20683638639796822,0.0009837349358245702,1024,,COMPLETE
375,1.033240727186203,2025-10-14 03:55:55.782391,2025-10-14 04:00:13.697347,0 days 00:04:17.914956,relu,16,0.0,3,huber,0.0009434960967161954,0.21591367828596011,0.000449980715403892,256,True,COMPLETE
376,0.9866748154163361,2025-10-14 04:00:13.833182,2025-10-14 04:01:17.290142,0 days 00:01:03.456960,relu,64,0.0,6,huber,0.0005759759869049256,0.21234879467577092,0.0008226571421126665,512,,COMPLETE
377,0.9836426556110383,2025-10-14 04:01:17.426470,2025-10-14 04:02:16.198327,0 days 00:00:58.771857,relu,64,0.0,6,huber,0.0005536250126924569,0.203910252585821,0.0005365335526529054,512,,COMPLETE
378,0.9862478613853455,2025-10-14 04:02:16.322653,2025-10-14 04:03:20.748432,0 days 00:01:04.425779,relu,64,0.0,6,huber,0.0005130267908915642,0.20870073135468736,0.0006934646371478679,512,,COMPLETE
379,0.9897030174732209,2025-10-14 04:03:20.884809,2025-10-14 04:04:22.183452,0 days 00:01:01.298643,relu,64,0.0,6,huber,0.000532467691542056,0.21765206714989666,0.0004171085801925463,512,,COMPLETE
380,0.9840025544166565,2025-10-14 04:04:22.328207,2025-10-14 04:05:30.168215,0 days 00:01:07.840008,relu,64,0.0,6,huber,0.000603486154759733,0.20654032661409039,0.0009985336210536061,512,,COMPLETE
381,0.9976558685302734,2025-10-14 04:05:30.305168,2025-10-14 04:06:35.527742,0 days 00:01:05.222574,relu,64,0.1,2,huber,0.0006256158185548777,0.21298859808263404,0.0006154476249384478,512,,COMPLETE
382,0.9724681735038757,2025-10-14 04:06:35.654803,2025-10-14 04:07:46.504264,0 days 00:01:10.849461,relu,64,0.0,6,huber,0.0005445598200604327,0.2040251275808541,0.00012178248623587091,512,,COMPLETE
383,0.9742903113365173,2025-10-14 04:07:46.641424,2025-10-14 04:09:04.589691,0 days 00:01:17.948267,relu,64,0.0,6,huber,0.0006739142378125246,0.21969789314349714,0.0003693855724375299,512,,COMPLETE
384,0.9698667526245117,2025-10-14 04:09:04.726590,2025-10-14 04:10:22.711719,0 days 00:01:17.985129,relu,64,0.0,6,huber,0.0005614671263224966,0.2101568579051229,0.000770257579546918,512,,COMPLETE
385,1.0065531134605408,2025-10-14 04:10:22.843770,2025-10-14 04:13:01.690651,0 days 00:02:38.846881,relu,32,0.0,6,huber,0.000517495151354766,0.21436616418686688,0.0004978442196474465,128,,COMPLETE
386,0.9878764927387238,2025-10-14 04:13:01.831752,2025-10-14 04:14:03.732274,0 days 00:01:01.900522,relu,64,0.0,4,mse,0.0005010336477201104,0.2297647678068343,0.0008384565348906313,512,,COMPLETE
387,0.9818085670471192,2025-10-14 04:14:03.870655,2025-10-14 04:15:10.368545,0 days 00:01:06.497890,relu,64,0.0,6,huber,0.0005834201245101983,0.2031858913739397,0.0005895446466944835,512,,COMPLETE
388,0.9882602512836456,2025-10-14 04:15:10.503861,2025-10-14 04:16:16.873794,0 days 00:01:06.369933,relu,64,0.0,6,huber,0.0011073203584032658,0.23999946188129062,0.0006752848199807805,512,,COMPLETE
389,0.9868472397327424,2025-10-14 04:16:17.008589,2025-10-14 04:17:13.593194,0 days 00:00:56.584605,relu,64,0.0,6,huber,0.0005270118021923781,0.20011167500804888,0.00045636783793762706,1024,,COMPLETE
390,1.0554343640804291,2025-10-14 04:17:13.728629,2025-10-14 04:18:50.320540,0 days 00:01:36.591911,relu,64,0.3,6,huber,0.0005464433873463086,0.2082437253321312,8.461148465231331e-05,512,,COMPLETE
391,0.9933874785900116,2025-10-14 04:18:50.457561,2025-10-14 04:19:43.335190,0 days 00:00:52.877629,relu,64,0.0,5,huber,0.0005617061958066742,0.2163544902949826,0.00028109120843526804,512,,COMPLETE
392,1.0081587195396424,2025-10-14 04:19:43.471347,2025-10-14 04:21:30.394326,0 days 00:01:46.922979,relu,64,0.2,6,huber,0.000530718707901695,0.20658968349592996,0.00038873227139643053,512,,COMPLETE
393,0.9949372410774231,2025-10-14 04:21:30.531172,2025-10-14 04:22:33.765052,0 days 00:01:03.233880,gelu,64,0.0,6,huber,0.0005727528473771531,0.24653970013346457,0.0005208151211672053,512,,COMPLETE
394,0.9706128716468811,2025-10-14 04:22:33.901653,2025-10-14 04:23:50.707383,0 days 00:01:16.805730,relu,64,0.0,6,huber,0.0005421863721118541,0.2122111675982834,0.0008857273050271009,512,,COMPLETE
395,0.979604822397232,2025-10-14 04:23:50.853140,2025-10-14 04:25:06.183833,0 days 00:01:15.330693,relu,64,0.0,6,huber,0.000500267527971065,0.2198124034713335,0.0006745055302241618,512,,COMPLETE
396,0.9676135301589965,2025-10-14 04:25:06.317002,2025-10-14 04:26:30.148127,0 days 00:01:23.831125,relu,64,0.0,6,huber,0.0005177883510598791,0.21013224783104945,0.0007551005428397379,512,,COMPLETE
397,1.0039579391479492,2025-10-14 04:26:30.290108,2025-10-14 04:31:09.069209,0 days 00:04:38.779101,relu,16,0.0,6,huber,0.0005511157975779388,0.22552536841444357,0.0003332089209668976,512,,COMPLETE
398,0.9924641251564026,2025-10-14 04:31:09.208743,2025-10-14 04:32:10.899281,0 days 00:01:01.690538,relu,64,0.0,6,huber,0.0005854784229163549,0.20402514338571778,0.0005880370567828443,512,,COMPLETE
399,1.006665587425232,2025-10-14 04:32:11.032442,2025-10-14 04:34:02.354862,0 days 00:01:51.322420,relu,64,0.0,6,huber,0.0005329559878013612,0.21436477879548332,0.0004197263083597972,256,True,COMPLETE
400,0.9865950226783753,2025-10-14 04:34:02.490088,2025-10-14 04:35:14.362298,0 days 00:01:11.872210,relu,64,0.0,6,huber,0.0005606356924460321,0.20764251017941493,0.00048042396157380756,512,,COMPLETE
401,0.9837523341178894,2025-10-14 04:35:14.509373,2025-10-14 04:36:20.239841,0 days 00:01:05.730468,relu,64,0.0,6,huber,0.0005250534128920905,0.21116081406618253,0.0008657591794176963,512,,COMPLETE
402,0.9957175314426422,2025-10-14 04:36:20.375868,2025-10-14 04:37:14.916550,0 days 00:00:54.540682,relu,64,0.0,5,huber,0.0005138822738290078,0.21894095610761488,0.0005501176603231459,1024,,COMPLETE
403,0.9809006929397583,2025-10-14 04:37:15.054235,2025-10-14 04:38:22.127532,0 days 00:01:07.073297,relu,64,0.0,6,huber,0.0005407903572937278,0.23243935099671584,5.538986194771329e-05,512,,COMPLETE
404,0.9909839308261872,2025-10-14 04:38:22.263108,2025-10-14 04:39:14.043794,0 days 00:00:51.780686,relu,64,0.0,3,huber,0.0005703819390261191,0.2033927558499927,0.0007307709611270345,512,,COMPLETE
405,0.9891938388347625,2025-10-14 04:39:14.179000,2025-10-14 04:40:41.181309,0 days 00:01:27.002309,relu,64,0.1,6,huber,0.0006113078919781215,0.21588249190086867,2.360177191970007e-06,512,,COMPLETE
406,0.9690768241882324,2025-10-14 04:40:41.316279,2025-10-14 04:41:56.765950,0 days 00:01:15.449671,relu,64,0.0,6,huber,0.000590653178745198,0.2074768710309963,0.000999918322297571,512,,COMPLETE
407,1.0005426168441773,2025-10-14 04:41:56.890016,2025-10-14 04:42:56.479552,0 days 00:00:59.589536,relu,64,0.0,6,mse,0.0005538994082991154,0.21229940652497373,0.00035153223365825864,512,,COMPLETE
408,1.0182859599590302,2025-10-14 04:42:56.614164,2025-10-14 04:44:29.163325,0 days 00:01:32.549161,relu,32,0.0,2,huber,0.0005344955946726163,0.22773997146391464,0.0006256589063594469,512,,COMPLETE
409,1.001160705089569,2025-10-14 04:44:29.299270,2025-10-14 04:45:51.912467,0 days 00:01:22.613197,relu,64,0.0,6,huber,0.0005120472912813812,0.22132493811395942,0.0008204547335063024,128,,COMPLETE
410,0.9788818717002868,2025-10-14 04:45:52.048196,2025-10-14 04:46:56.580690,0 days 00:01:04.532494,relu,64,0.0,6,huber,0.0005523679508011872,0.20233404311843559,2.0252509663562298e-05,512,,COMPLETE
411,0.9710348784923554,2025-10-14 04:46:56.717255,2025-10-14 04:48:10.507326,0 days 00:01:13.790071,relu,64,0.0,6,huber,0.0005217994942746096,0.207273572609274,0.0004194252463051458,512,,COMPLETE
412,0.9769299030303955,2025-10-14 04:48:10.644961,2025-10-14 04:49:22.731424,0 days 00:01:12.086463,gelu,64,0.0,6,huber,0.0005700962092461374,0.23439936526324384,0.0001057980046366394,512,,COMPLETE
413,1.048235160112381,2025-10-14 04:49:22.861670,2025-10-14 04:51:06.275917,0 days 00:01:43.414247,relu,64,0.3,6,huber,0.0005374235167400742,0.21565087005461292,0.0005194941652920573,512,,COMPLETE
414,0.9818905174732209,2025-10-14 04:51:06.412895,2025-10-14 04:51:58.987690,0 days 00:00:52.574795,relu,64,0.0,4,huber,0.00066145747268613,0.2000001657690665,0.0007044813489889658,512,,COMPLETE
415,0.9716932475566864,2025-10-14 04:51:59.120103,2025-10-14 04:53:15.271731,0 days 00:01:16.151628,relu,64,0.0,6,huber,0.0005817398672595036,0.20985962615906367,0.00030289588543201424,512,,COMPLETE
416,1.0097648620605468,2025-10-14 04:53:15.417409,2025-10-14 04:54:06.093347,0 days 00:00:50.675938,relu,64,0.0,6,huber,0.0005001577974533223,0.2240983566237824,0.0006199884041565051,1024,,COMPLETE
417,1.0114065825939178,2025-10-14 04:54:06.220070,2025-10-14 04:55:47.469141,0 days 00:01:41.249071,relu,64,0.2,6,huber,0.0005538920701470398,0.2048710384659846,0.0008619065322443335,512,,COMPLETE
418,0.9995103657245636,2025-10-14 04:55:47.608950,2025-10-14 05:00:35.091468,0 days 00:04:47.482518,relu,16,0.0,5,huber,0.0005304331039655837,0.21265773224072673,0.00047244849379547905,512,,COMPLETE
419,0.9747210204601288,2025-10-14 05:00:35.233030,2025-10-14 05:01:57.593889,0 days 00:01:22.360859,relu,64,0.0,6,huber,0.0005135961157360621,0.21789250312888472,0.000375745713561436,512,,COMPLETE
420,0.9759030878543854,2025-10-14 05:01:57.733124,2025-10-14 05:03:02.103214,0 days 00:01:04.370090,relu,64,0.0,6,huber,0.0005667542576559396,0.20634471813958,0.0007628784138453102,512,,COMPLETE
421,0.9825273513793945,2025-10-14 05:03:02.238855,2025-10-14 05:04:11.040148,0 days 00:01:08.801293,relu,64,0.0,6,huber,0.0005445106475682307,0.2101598764114965,0.0005600235184184841,512,,COMPLETE
422,0.9627156734466553,2025-10-14 05:04:11.176359,2025-10-14 05:05:28.794248,0 days 00:01:17.617889,relu,64,0.0,6,huber,0.0005242512187143418,0.3919997592970693,0.0006618463758184247,512,,COMPLETE
423,0.9735451698303222,2025-10-14 05:05:28.929271,2025-10-14 05:06:39.821766,0 days 00:01:10.892495,relu,64,0.0,6,huber,0.0005238841675351979,0.36651554250158097,0.0006606705523567921,512,,COMPLETE
424,1.006425416469574,2025-10-14 05:06:39.958796,2025-10-14 05:08:40.128008,0 days 00:02:00.169212,relu,64,0.0,6,huber,0.00051264055579209,0.38752917424827504,0.0007531463133361367,256,True,COMPLETE
425,0.9789924561977387,2025-10-14 05:08:40.264830,2025-10-14 05:09:51.216750,0 days 00:01:10.951920,relu,64,0.0,6,huber,0.0005238109714318077,0.307820236734447,0.0008994663422959656,512,,COMPLETE
426,0.9744796931743622,2025-10-14 05:09:51.360912,2025-10-14 05:11:09.951397,0 days 00:01:18.590485,relu,64,0.0,6,huber,0.0005386197022201327,0.31667803188207794,0.000628368788703497,512,,COMPLETE
427,0.9830150425434112,2025-10-14 05:11:10.087986,2025-10-14 05:12:09.983649,0 days 00:00:59.895663,relu,64,0.0,6,huber,0.0005086847258425481,0.20504299345517715,0.0004584813339594494,512,,COMPLETE
428,1.0084234988689422,2025-10-14 05:12:10.127752,2025-10-14 05:12:52.724220,0 days 00:00:42.596468,relu,64,0.0,3,huber,0.0010317798550178454,0.3030409965257735,0.000556068221538496,512,,COMPLETE
429,1.0176137328147887,2025-10-14 05:12:52.856012,2025-10-14 05:15:02.639909,0 days 00:02:09.783897,relu,32,0.0,6,mse,0.0005335023419301061,0.3464384791879687,0.000745954555096836,1024,,COMPLETE
430,0.9896351516246795,2025-10-14 05:15:02.775409,2025-10-14 05:16:49.833686,0 days 00:01:47.058277,relu,64,0.1,6,huber,0.0005008962007467375,0.3747474119583106,0.0005136321749664841,512,,COMPLETE
431,0.9843495905399322,2025-10-14 05:16:49.970410,2025-10-14 05:17:54.700423,0 days 00:01:04.730013,relu,64,0.0,6,huber,0.0008533652914435323,0.202823298097521,0.0006536095112509029,512,,COMPLETE
432,0.9806093513965607,2025-10-14 05:17:54.837852,2025-10-14 05:18:50.652484,0 days 00:00:55.814632,gelu,64,0.0,5,huber,0.0005996189938775237,0.3945101251541269,0.0009996349184814885,512,,COMPLETE
433,1.0150051593780518,2025-10-14 05:18:50.778121,2025-10-14 05:19:35.585154,0 days 00:00:44.807033,relu,64,0.0,2,huber,0.0005472456187822063,0.32446780652795004,0.0008305224058657002,512,,COMPLETE
434,0.9783175528049469,2025-10-14 05:19:35.720732,2025-10-14 05:20:48.445515,0 days 00:01:12.724783,relu,64,0.0,6,huber,0.0005247443478077251,0.20989073856141413,0.0004208831174562445,512,,COMPLETE
435,0.981144118309021,2025-10-14 05:20:48.581627,2025-10-14 05:21:59.503831,0 days 00:01:10.922204,relu,64,0.0,6,huber,0.0005592962085851981,0.2640350119590659,0.0005764555195134161,512,,COMPLETE
436,1.0120684325695037,2025-10-14 05:21:59.639173,2025-10-14 05:23:20.906303,0 days 00:01:21.267130,relu,64,0.0,6,huber,0.0006390238121952774,0.29496631888422226,0.0006697046685184294,128,,COMPLETE
437,0.9876882314682007,2025-10-14 05:23:21.030045,2025-10-14 05:24:21.969388,0 days 00:01:00.939343,relu,64,0.0,6,huber,0.0005178375036935348,0.20714127173179148,0.0007798412461088415,512,,COMPLETE
438,0.9830304861068726,2025-10-14 05:24:22.105386,2025-10-14 05:25:34.553892,0 days 00:01:12.448506,relu,64,0.0,6,huber,0.0005415849490545677,0.20279563137597587,0.0004614837565531118,512,,COMPLETE
439,0.9808198869228363,2025-10-14 05:25:34.684463,2025-10-14 05:26:48.844829,0 days 00:01:14.160366,relu,64,0.0,6,huber,0.000571285817449162,0.23681985948579334,0.000879519646691134,512,,COMPLETE
440,1.023788756132126,2025-10-14 05:26:48.972488,2025-10-14 05:28:03.277800,0 days 00:01:14.305312,relu,64,0.3,4,huber,0.0005286689351108882,0.20030840950521123,0.0003858934950023108,512,,COMPLETE
441,1.0112862944602967,2025-10-14 05:28:03.413366,2025-10-14 05:32:43.862706,0 days 00:04:40.449340,relu,16,0.0,6,huber,0.0017215723937338242,0.21398781154020227,0.0005139682553402924,512,,COMPLETE
442,0.9963444948196412,2025-10-14 05:32:43.997561,2025-10-14 05:34:19.459220,0 days 00:01:35.461659,relu,64,0.2,6,huber,0.0009712954691846828,0.22884360308510354,0.0006930486029274573,1024,,COMPLETE
443,0.979209041595459,2025-10-14 05:34:19.582941,2025-10-14 05:35:31.456136,0 days 00:01:11.873195,relu,64,0.0,6,huber,0.0005842881390516903,0.21118376995416724,0.0005909248349890591,512,,COMPLETE
444,0.9698948740959168,2025-10-14 05:35:31.586914,2025-10-14 05:36:47.148574,0 days 00:01:15.561660,relu,64,0.0,6,huber,0.0005539020972626184,0.32820708155424405,0.0007780090963926053,512,,COMPLETE
445,0.9827941834926606,2025-10-14 05:36:47.276983,2025-10-14 05:37:52.860058,0 days 00:01:05.583075,relu,64,0.0,6,huber,0.0005104062444356602,0.254517721248826,0.00034227758197566914,512,,COMPLETE
446,0.9669372797012329,2025-10-14 05:37:52.995470,2025-10-14 05:39:10.725686,0 days 00:01:17.730216,relu,64,0.0,6,huber,0.0005392037994416925,0.20762756815393157,0.0008860224012813755,512,,COMPLETE
447,0.9790128529071808,2025-10-14 05:39:10.849811,2025-10-14 05:40:07.035653,0 days 00:00:56.185842,relu,64,0.0,5,huber,0.000535697409290695,0.22114635954883669,0.0009906607309744058,512,,COMPLETE
448,1.0048262238502503,2025-10-14 05:40:07.170761,2025-10-14 05:40:56.205285,0 days 00:00:49.034524,relu,64,0.0,6,huber,0.0019805800863552736,0.21436590239816708,0.0008581005978555242,512,,COMPLETE
449,1.0125460386276246,2025-10-14 05:40:56.333996,2025-10-14 05:42:52.918516,0 days 00:01:56.584520,relu,64,0.0,6,huber,0.0005217361270875963,0.2058125593942338,0.00045598844412808544,256,True,COMPLETE
450,0.9716449856758118,2025-10-14 05:42:53.042754,2025-10-14 05:44:06.536532,0 days 00:01:13.493778,relu,64,0.0,6,huber,0.0005107687286479969,0.209503812382625,0.0005922477440644063,512,,COMPLETE
451,1.0208568572998047,2025-10-14 05:44:06.667160,2025-10-14 05:45:03.105200,0 days 00:00:56.438040,gelu,64,0.0,6,mse,0.0005418920850329973,0.2003783029740404,0.0009089060080186994,512,,COMPLETE
452,0.9937414288520813,2025-10-14 05:45:03.234938,2025-10-14 05:47:09.290486,0 days 00:02:06.055548,relu,32,0.0,6,huber,0.0005351907733873421,0.21413509835795622,0.0002932570270987672,512,,COMPLETE
453,0.9844569623470306,2025-10-14 05:47:09.426774,2025-10-14 05:48:17.899691,0 days 00:01:08.472917,relu,64,0.0,6,huber,0.000518050170895302,0.217411530757147,0.0007069834316949282,512,,COMPLETE
454,0.9772177994251251,2025-10-14 05:48:18.025228,2025-10-14 05:49:49.335383,0 days 00:01:31.310155,relu,64,0.1,6,huber,0.0009073951517074263,0.2233444713908184,0.0003797509777492368,512,,COMPLETE
455,1.0027727818489074,2025-10-14 05:49:49.472082,2025-10-14 05:50:35.851583,0 days 00:00:46.379501,relu,64,0.0,3,huber,0.0005525790741323578,0.2852832645590897,0.0005185198365582437,512,,COMPLETE
456,0.9796883583068847,2025-10-14 05:50:35.975211,2025-10-14 05:51:41.938549,0 days 00:01:05.963338,relu,64,0.0,6,huber,0.0005254468811800321,0.20890345477878783,0.0004263689793222252,1024,,COMPLETE
457,0.9752818465232849,2025-10-14 05:51:42.072818,2025-10-14 05:52:54.883588,0 days 00:01:12.810770,relu,64,0.0,6,huber,0.0005003049496048169,0.35450422342760934,0.0006326377760906698,512,,COMPLETE
458,0.9728236675262452,2025-10-14 05:52:55.014079,2025-10-14 05:54:18.898843,0 days 00:01:23.884764,relu,64,0.0,6,mae,0.0005728714676852218,0.2042253608679934,0.0008617666541576864,512,,COMPLETE
459,1.008482074737549,2025-10-14 05:54:19.026623,2025-10-14 05:55:13.130810,0 days 00:00:54.104187,relu,64,0.0,2,huber,0.0005442430896973323,0.21234339761254203,0.0005228126771610633,128,,COMPLETE
460,0.973886924982071,2025-10-14 05:55:13.254839,2025-10-14 05:56:23.641644,0 days 00:01:10.386805,relu,64,0.0,6,huber,0.0005261459674355544,0.20587969114717963,0.0006685830191330963,512,,COMPLETE
461,0.9714824914932251,2025-10-14 05:56:23.773029,2025-10-14 05:57:28.438263,0 days 00:01:04.665234,relu,64,0.0,5,huber,0.0007080302551284168,0.23246290430044741,0.000996820469006696,512,,COMPLETE
462,1.0445249736309052,2025-10-14 05:57:28.566099,2025-10-14 05:59:14.135942,0 days 00:01:45.569843,relu,64,0.3,6,huber,0.0005611041307796052,0.21888362047456894,0.0007367541149478583,512,,COMPLETE
463,1.0143557786941528,2025-10-14 05:59:14.271783,2025-10-14 06:03:36.508455,0 days 00:04:22.236672,relu,16,0.0,6,huber,0.0006168668920455683,0.20873016331735017,0.00032634543917522724,512,,COMPLETE
464,0.9888598024845123,2025-10-14 06:03:36.643804,2025-10-14 06:04:42.597155,0 days 00:01:05.953351,relu,64,0.0,6,huber,0.0005423839727686406,0.22646402805502072,0.0005615859941803539,512,,COMPLETE
465,0.9783304274082184,2025-10-14 06:04:42.720786,2025-10-14 06:06:01.868888,0 days 00:01:19.148102,relu,64,0.0,6,huber,0.0005109637628331374,0.20377028069481196,0.0004715409012458008,512,,COMPLETE
466,1.0119901120662689,2025-10-14 06:06:02.003896,2025-10-14 06:07:45.546483,0 days 00:01:43.542587,relu,64,0.2,6,huber,0.001196699295077932,0.3377816527610495,0.0004118141368239254,512,,COMPLETE
467,0.9760468006134033,2025-10-14 06:07:45.670658,2025-10-14 06:08:50.988345,0 days 00:01:05.317687,relu,64,0.0,6,huber,0.0005862152608872496,0.21246192027399113,0.0007858894957243435,512,,COMPLETE
468,0.9852305471897125,2025-10-14 06:08:51.118965,2025-10-14 06:09:45.564096,0 days 00:00:54.445131,relu,64,0.0,4,huber,0.000819237120949753,0.23897920198738304,5.64296613048878e-06,512,,COMPLETE
469,0.9803831398487091,2025-10-14 06:09:45.692114,2025-10-14 06:10:49.860891,0 days 00:01:04.168777,relu,64,0.0,6,huber,0.0005002529597363861,0.2001439416267705,3.223873860976821e-05,1024,,COMPLETE
470,0.9626189649105072,2025-10-14 06:10:49.986706,2025-10-14 06:12:14.573486,0 days 00:01:24.586780,gelu,64,0.0,6,huber,0.0005289831861264429,0.21685978860474284,0.0006113519482433829,512,,COMPLETE
471,0.9753772497177124,2025-10-14 06:12:14.708240,2025-10-14 06:13:13.895531,0 days 00:00:59.187291,gelu,64,0.0,6,huber,0.0005636049024563628,0.22075049699996194,0.00023890928409581828,512,,COMPLETE
472,0.9750661075115203,2025-10-14 06:13:14.025861,2025-10-14 06:14:24.609462,0 days 00:01:10.583601,gelu,64,0.0,6,huber,0.0005354188355650019,0.2237131305096714,0.0005612481145627077,512,,COMPLETE
473,0.9775109112262725,2025-10-14 06:14:24.738054,2025-10-14 06:15:46.468146,0 days 00:01:21.730092,gelu,64,0.0,6,huber,0.0005503965182125756,0.2169690768446798,0.00045074107153977866,512,,COMPLETE
474,1.014059454202652,2025-10-14 06:15:46.603962,2025-10-14 06:17:23.484405,0 days 00:01:36.880443,gelu,64,0.0,6,mse,0.0005746742347288114,0.21692805051697375,0.0006078776889467752,256,True,COMPLETE
475,1.0035755932331085,2025-10-14 06:17:23.608298,2025-10-14 06:19:09.015293,0 days 00:01:45.406995,gelu,32,0.0,5,huber,0.0006047312548602802,0.22091879034810855,0.0004905553291977093,512,,COMPLETE
476,0.9882548928260804,2025-10-14 06:19:09.151388,2025-10-14 06:20:10.979605,0 days 00:01:01.828217,gelu,64,0.0,6,huber,0.0005262129144197213,0.2142579127881076,0.0003853736588016857,512,,COMPLETE
477,0.9873038351535797,2025-10-14 06:20:11.115661,2025-10-14 06:21:15.859660,0 days 00:01:04.743999,gelu,64,0.0,6,huber,0.0007896721695547878,0.22630745447254086,0.0006861868687248191,512,,COMPLETE
478,0.9842267751693725,2025-10-14 06:21:15.985550,2025-10-14 06:22:19.644475,0 days 00:01:03.658925,gelu,64,0.0,6,huber,0.0005475636243801549,0.2686893775699336,0.0005215519526495044,512,,COMPLETE
479,0.9925509333610535,2025-10-14 06:22:19.781657,2025-10-14 06:23:34.809344,0 days 00:01:15.027687,gelu,64,0.1,6,huber,0.0005341124736326513,0.21224328904336384,0.000604867154520403,512,,COMPLETE
480,0.9921768963336944,2025-10-14 06:23:34.933392,2025-10-14 06:24:34.021239,0 days 00:00:59.087847,gelu,64,0.0,6,huber,0.0005159266315810331,0.2319864111699506,0.00034746077114458093,512,,COMPLETE
481,0.9726998031139373,2025-10-14 06:24:34.151461,2025-10-14 06:25:55.426645,0 days 00:01:21.275184,relu,64,0.0,6,mae,0.0005610350576197291,0.21692246039848406,0.0004736518354323701,512,,COMPLETE
482,0.9752014815807343,2025-10-14 06:25:55.554730,2025-10-14 06:27:02.170711,0 days 00:01:06.615981,relu,64,0.0,6,huber,0.000594162726799614,0.20946007874857442,0.0006910276684113101,512,,COMPLETE
483,1.0022094821929932,2025-10-14 06:27:02.306858,2025-10-14 06:27:47.387655,0 days 00:00:45.080797,relu,64,0.0,3,huber,0.0005478560474095397,0.22890878957036642,0.00027436964999973936,1024,,COMPLETE
484,0.9693628489971161,2025-10-14 06:27:47.511863,2025-10-14 06:29:07.295367,0 days 00:01:19.783504,relu,64,0.0,6,huber,0.0005787122709337948,0.22064919013198603,0.0004100588902315045,512,,COMPLETE
485,1.0044735074043274,2025-10-14 06:29:07.426248,2025-10-14 06:30:26.046498,0 days 00:01:18.620250,relu,64,0.0,6,huber,0.0005292057999514956,0.21013622868494708,0.0005578413620692084,128,,COMPLETE
486,1.0380895972251891,2025-10-14 06:30:26.174478,2025-10-14 06:32:40.211931,0 days 00:02:14.037453,relu,16,0.0,2,huber,0.0007310209852199797,0.3587584029436719,0.0006698255681637188,512,,COMPLETE
487,1.0440371632575989,2025-10-14 06:32:40.347516,2025-10-14 06:34:32.842800,0 days 00:01:52.495284,relu,64,0.3,6,huber,0.0005151938390618238,0.2795747632434519,1.2225539201459705e-05,512,,COMPLETE
488,0.9673966526985168,2025-10-14 06:34:32.973370,2025-10-14 06:35:47.995252,0 days 00:01:15.021882,relu,64,0.0,6,huber,0.00056161535620614,0.21334110795645547,0.0008852036448998147,512,,COMPLETE
489,0.9799723923206329,2025-10-14 06:35:48.123516,2025-10-14 06:36:49.989291,0 days 00:01:01.865775,relu,64,0.0,6,huber,0.0005321312623885456,0.20708542406532246,0.0006088231427674125,512,,COMPLETE
490,0.9950759708881378,2025-10-14 06:36:50.124242,2025-10-14 06:37:40.682448,0 days 00:00:50.558206,relu,64,0.0,5,huber,0.0005412554787614141,0.3791173075779852,0.0005136960534114461,512,,COMPLETE
491,1.0135598659515381,2025-10-14 06:37:40.813101,2025-10-14 06:39:29.434891,0 days 00:01:48.621790,relu,64,0.2,6,huber,0.0005108343485286214,0.2163150339480709,0.0003711370622501704,512,,COMPLETE
492,0.9851220369338989,2025-10-14 06:39:29.569870,2025-10-14 06:40:27.463308,0 days 00:00:57.893438,gelu,64,0.0,6,huber,0.0005693316813068726,0.24376377443435734,0.0007461087897257304,512,,COMPLETE
493,0.9684895813465119,2025-10-14 06:40:27.591478,2025-10-14 06:41:30.474281,0 days 00:01:02.882803,relu,64,0.0,4,huber,0.0005546731848585197,0.20332082607410526,0.00045813529180028026,512,,COMPLETE
494,0.9926395654678345,2025-10-14 06:41:30.599412,2025-10-14 06:42:29.064455,0 days 00:00:58.465043,relu,64,0.0,6,huber,0.0005229176379829413,0.22406692856308372,0.0003108895946569117,512,,COMPLETE
495,0.982358318567276,2025-10-14 06:42:29.194748,2025-10-14 06:43:31.577631,0 days 00:01:02.382883,relu,64,0.0,6,huber,0.0015802659753986733,0.2096486374232814,0.0008096321195935025,512,,COMPLETE
496,1.0342808544635773,2025-10-14 06:43:31.705359,2025-10-14 06:45:16.601477,0 days 00:01:44.896118,relu,32,0.0,6,mse,0.0005413499725410082,0.20621353934523057,0.0006008380561588454,1024,,COMPLETE
497,0.9888036012649536,2025-10-14 06:45:16.738331,2025-10-14 06:46:23.876776,0 days 00:01:07.138445,relu,64,0.0,6,huber,0.0005798568776265543,0.21231130373786478,3.109118397338845e-06,512,,COMPLETE
498,1.0076904773712159,2025-10-14 06:46:24.001104,2025-10-14 06:48:16.253932,0 days 00:01:52.252828,relu,64,0.0,6,huber,0.000510818296052791,0.21823780457952266,0.0004297240566523032,256,True,COMPLETE
499,0.9848974645137787,2025-10-14 06:48:16.385852,2025-10-14 06:49:21.361912,0 days 00:01:04.976060,relu,64,0.0,6,huber,0.0005512125707208524,0.23574010908285983,0.0007214196481442831,512,,COMPLETE
